open_time,open,high,low,close,volume
2025-10-31 16:00:00,110202.9,110202.91,110107.56,110152.99,21.034
2025-10-31 16:01:00,110152.99,110187.54,110126.33,110139.32,20.44375
2025-10-31 16:02:00,110139.31,110178.82,110130.42,110164.77,11.23024
2025-10-31 16:03:00,110164.76,110196.56,110151.57,110196.55,12.80624
2025-10-31 16:04:00,110196.55,110300.0,110196.54,110278.3,21.01178
2025-10-31 16:05:00,110278.29,110292.52,110261.31,110275.11,9.30622
2025-10-31 16:06:00,110275.11,110275.11,110192.48,110237.17,11.36644
2025-10-31 16:07:00,110237.17,110266.86,110217.92,110225.43,18.7773
2025-10-31 16:08:00,110225.43,110225.44,110104.79,110104.8,12.80238
2025-10-31 16:09:00,110104.8,110104.8,110000.0,110000.0,27.83225
2025-10-31 16:10:00,110000.0,110206.72,110000.0,110165.99,28.27254
2025-10-31 16:11:00,110166.0,110166.0,110017.26,110028.27,18.92968
2025-10-31 16:12:00,110028.26,110055.0,110001.0,110032.46,11.01282
2025-10-31 16:13:00,110032.46,110087.24,110010.0,110043.99,8.17847
2025-10-31 16:14:00,110043.99,110097.85,110043.99,110097.84,10.61427
2025-10-31 16:15:00,110097.84,110097.85,109947.0,109947.01,27.18079
2025-10-31 16:16:00,109947.01,110022.03,109947.0,109999.5,4.76933
2025-10-31 16:17:00,109999.49,109999.49,109855.0,109886.69,45.95187
2025-10-31 16:18:00,109886.69,109912.59,109852.76,109875.12,18.56726
2025-10-31 16:19:00,109875.12,109886.99,109852.22,109852.22,8.95674
2025-10-31 16:20:00,109852.21,109877.14,109806.37,109847.93,19.17346
2025-10-31 16:21:00,109847.92,109928.87,109847.92,109918.08,9.45762
2025-10-31 16:22:00,109918.07,109918.08,109836.73,109851.63,5.262
2025-10-31 16:23:00,109851.63,109959.99,109851.63,109959.98,6.81181
2025-10-31 16:24:00,109959.99,110058.3,109959.98,110058.29,11.48125
2025-10-31 16:25:00,110058.29,110058.3,109990.79,109992.81,6.15975
2025-10-31 16:26:00,109992.81,110140.64,109992.81,110140.63,20.01541
2025-10-31 16:27:00,110140.63,110159.52,110050.97,110050.98,8.58064
2025-10-31 16:28:00,110050.97,110108.75,110050.97,110100.48,4.55571
2025-10-31 16:29:00,110100.47,110121.95,110064.76,110112.72,4.43761
2025-10-31 16:30:00,110112.71,110139.24,110078.64,110139.23,6.3522
2025-10-31 16:31:00,110139.23,110145.73,110064.91,110101.52,4.74227
2025-10-31 16:32:00,110101.51,110111.22,110068.0,110111.19,10.36238
2025-10-31 16:33:00,110111.18,110132.68,110087.24,110087.25,3.99655
2025-10-31 16:34:00,110087.24,110087.25,109924.0,109924.0,16.40981
2025-10-31 16:35:00,109924.01,109933.94,109907.58,109933.94,3.70498
2025-10-31 16:36:00,109933.93,110000.0,109922.09,109999.99,7.28922
2025-10-31 16:37:00,109999.99,110000.0,109952.0,109961.68,10.26884
2025-10-31 16:38:00,109961.67,110063.24,109953.28,110063.23,6.08321
2025-10-31 16:39:00,110063.23,110063.24,110017.26,110031.86,8.70573
2025-10-31 16:40:00,110031.86,110031.87,109893.02,109893.02,8.94052
2025-10-31 16:41:00,109893.01,109903.33,109744.62,109744.63,19.66674
2025-10-31 16:42:00,109744.62,109782.88,109693.15,109756.99,13.33862
2025-10-31 16:43:00,109756.98,109774.63,109684.35,109702.51,8.95177
2025-10-31 16:44:00,109702.51,109716.09,109606.1,109716.08,31.16398
2025-10-31 16:45:00,109716.08,109716.09,109605.2,109636.1,26.90787
2025-10-31 16:46:00,109636.09,109676.76,109500.02,109655.47,33.01238
2025-10-31 16:47:00,109655.47,109677.08,109570.25,109573.93,10.58051
2025-10-31 16:48:00,109573.93,109595.79,109558.16,109562.34,10.68092
2025-10-31 16:49:00,109562.33,109572.4,109511.99,109512.0,11.28358
2025-10-31 16:50:00,109511.99,109512.0,109001.0,109044.0,149.54926
2025-10-31 16:51:00,109043.99,109134.25,108928.96,109041.03,65.14877
2025-10-31 16:52:00,109041.03,109179.8,109041.02,109179.8,48.25407
2025-10-31 16:53:00,109179.79,109179.8,109124.68,109161.04,22.34855
2025-10-31 16:54:00,109161.04,109274.45,109140.74,109143.6,29.19228
2025-10-31 16:55:00,109143.6,109215.93,109133.06,109207.75,20.47406
2025-10-31 16:56:00,109207.74,109214.9,108878.36,108884.72,31.53984
2025-10-31 16:57:00,108884.72,108930.86,108780.31,108817.81,75.92587
2025-10-31 16:58:00,108817.81,108831.5,108671.25,108671.25,45.17533
2025-10-31 16:59:00,108671.25,108846.95,108671.25,108845.4,37.8824
2025-10-31 17:00:00,108845.4,108845.4,108635.77,108635.77,26.05707
2025-10-31 17:01:00,108635.78,108820.78,108635.77,108759.41,28.02507
2025-10-31 17:02:00,108759.41,108843.63,108740.0,108837.79,16.18525
2025-10-31 17:03:00,108837.78,108963.73,108800.54,108941.11,28.3034
2025-10-31 17:04:00,108941.1,109046.75,108922.14,109040.88,33.10877
2025-10-31 17:05:00,109040.88,109100.01,108930.01,109021.51,51.57356
2025-10-31 17:06:00,109021.52,109021.52,108902.0,108947.89,53.42738
2025-10-31 17:07:00,108947.89,109134.88,108947.89,109130.0,48.79086
2025-10-31 17:08:00,109129.99,109226.63,109110.09,109139.99,84.03701
2025-10-31 17:09:00,109139.99,109165.78,109099.7,109155.49,43.58875
2025-10-31 17:10:00,109155.48,109199.91,109084.13,109099.66,14.61701
2025-10-31 17:11:00,109099.66,109099.66,109051.05,109066.22,11.07792
2025-10-31 17:12:00,109066.23,109075.11,109014.0,109014.0,10.85781
2025-10-31 17:13:00,109014.01,109097.14,109014.0,109038.29,8.89765
2025-10-31 17:14:00,109038.3,109038.3,108900.41,108931.68,15.72963
2025-10-31 17:15:00,108931.69,108970.43,108849.3,108849.31,13.04248
2025-10-31 17:16:00,108849.31,108883.02,108781.57,108867.02,17.98171
2025-10-31 17:17:00,108867.02,108970.43,108852.19,108970.42,20.46722
2025-10-31 17:18:00,108970.42,108970.43,108752.91,108752.91,14.42577
2025-10-31 17:19:00,108752.92,108786.62,108635.0,108751.85,22.89976
2025-10-31 17:20:00,108751.85,108865.46,108737.97,108779.28,15.31856
2025-10-31 17:21:00,108779.28,108932.33,108779.28,108904.13,22.98608
2025-10-31 17:22:00,108904.13,108904.13,108792.24,108819.16,9.67568
2025-10-31 17:23:00,108819.16,108936.23,108819.15,108926.26,14.47242
2025-10-31 17:24:00,108926.27,109144.51,108926.26,109131.86,24.58288
2025-10-31 17:25:00,109131.85,109152.35,109011.37,109031.1,16.37212
2025-10-31 17:26:00,109031.1,109092.99,109023.03,109092.99,10.37117
2025-10-31 17:27:00,109092.99,109153.22,109072.0,109096.13,14.48366
2025-10-31 17:28:00,109096.14,109218.93,109096.13,109218.93,16.74242
2025-10-31 17:29:00,109218.92,109218.93,109022.99,109042.51,20.23368
2025-10-31 17:30:00,109042.5,109172.0,109016.99,109162.49,10.91465
2025-10-31 17:31:00,109162.48,109258.1,109137.3,109257.59,14.81106
2025-10-31 17:32:00,109257.59,109257.6,109134.13,109168.84,8.10572
2025-10-31 17:33:00,109168.84,109172.18,109058.28,109087.26,16.4341
2025-10-31 17:34:00,109087.25,109210.59,109051.28,109191.41,21.65517
2025-10-31 17:35:00,109191.4,109330.59,109191.4,109277.96,10.47213
2025-10-31 17:36:00,109277.95,109277.96,109051.28,109051.29,7.40571
2025-10-31 17:37:00,109051.29,109169.72,109051.28,109144.82,19.08103
2025-10-31 17:38:00,109144.82,109224.68,109143.18,109206.35,9.02235
2025-10-31 17:39:00,109206.35,109214.85,109159.91,109179.8,5.7036
2025-10-31 17:40:00,109179.79,109191.41,109116.17,109191.41,7.46268
2025-10-31 17:41:00,109191.4,109249.99,109140.86,109140.86,8.19525
2025-10-31 17:42:00,109140.86,109244.93,109140.86,109244.93,26.29907
2025-10-31 17:43:00,109244.92,109316.0,109239.05,109286.29,8.79098
2025-10-31 17:44:00,109286.29,109295.18,109240.0,109284.47,5.78766
2025-10-31 17:45:00,109284.47,109373.86,109265.29,109373.85,17.4033
2025-10-31 17:46:00,109373.85,109399.98,109354.91,109371.2,9.18813
2025-10-31 17:47:00,109371.2,109389.16,109316.1,109316.1,6.03265
2025-10-31 17:48:00,109316.1,109322.05,109251.45,109270.57,7.54721
2025-10-31 17:49:00,109270.57,109335.04,109264.7,109324.21,9.99901
2025-10-31 17:50:00,109324.21,109349.01,109305.3,109321.15,5.51501
2025-10-31 17:51:00,109321.14,109359.83,109321.14,109355.23,3.53548
2025-10-31 17:52:00,109355.24,109417.91,109349.35,109389.15,8.01619
2025-10-31 17:53:00,109389.15,109389.16,109342.46,109350.38,5.10103
2025-10-31 17:54:00,109350.38,109384.96,109347.15,109371.09,2.28772
2025-10-31 17:55:00,109371.09,109371.1,109284.47,109301.08,6.78506
2025-10-31 17:56:00,109301.08,109337.63,109274.28,109329.0,7.83323
2025-10-31 17:57:00,109328.99,109332.8,109278.0,109309.74,4.93446
2025-10-31 17:58:00,109309.74,109309.75,109258.52,109281.11,4.07454
2025-10-31 17:59:00,109281.11,109309.14,109281.11,109299.98,1.31236
2025-10-31 18:00:00,109299.98,109380.0,109299.98,109322.09,6.11885
2025-10-31 18:01:00,109322.08,109389.16,109322.08,109389.16,4.44231
2025-10-31 18:02:00,109389.15,109450.0,109332.24,109443.33,9.36718
2025-10-31 18:03:00,109443.32,109450.09,109397.68,109425.9,4.35658
2025-10-31 18:04:00,109425.9,109430.94,109389.15,109414.75,4.73382
2025-10-31 18:05:00,109414.75,109455.13,109414.37,109455.13,6.36296
2025-10-31 18:06:00,109455.12,109455.12,109403.16,109426.65,4.46989
2025-10-31 18:07:00,109426.64,109542.16,109426.64,109523.22,11.12901
2025-10-31 18:08:00,109523.21,109523.21,109362.74,109439.07,11.22682
2025-10-31 18:09:00,109439.07,109465.36,109398.03,109398.03,2.69478
2025-10-31 18:10:00,109398.04,109464.0,109398.04,109443.54,4.40726
2025-10-31 18:11:00,109443.53,109530.98,109437.97,109437.97,12.40789
2025-10-31 18:12:00,109437.98,109439.08,109314.41,109365.63,6.00969
2025-10-31 18:13:00,109365.62,109448.75,109359.76,109438.4,5.63281
2025-10-31 18:14:00,109438.4,109442.12,109404.16,109422.77,3.02758
2025-10-31 18:15:00,109422.77,109435.27,109302.54,109302.55,3.58111
2025-10-31 18:16:00,109302.55,109341.37,109274.28,109309.2,6.06835
2025-10-31 18:17:00,109309.19,109309.2,109202.07,109262.04,16.60758
2025-10-31 18:18:00,109262.05,109319.45,109262.04,109306.96,4.93552
2025-10-31 18:19:00,109306.96,109306.96,109243.84,109270.77,5.27632
2025-10-31 18:20:00,109270.76,109347.3,109270.76,109302.69,20.07831
2025-10-31 18:21:00,109302.68,109347.32,109284.47,109303.67,8.45122
2025-10-31 18:22:00,109303.66,109308.73,109275.16,109283.39,5.09046
2025-10-31 18:23:00,109283.4,109347.22,109283.39,109333.85,4.59458
2025-10-31 18:24:00,109333.84,109396.14,109333.84,109378.09,9.1406
2025-10-31 18:25:00,109378.08,109389.16,109356.31,109366.31,4.49336
2025-10-31 18:26:00,109366.31,109370.09,109305.34,109328.3,3.08803
2025-10-31 18:27:00,109328.29,109354.5,109303.73,109303.73,3.7546
2025-10-31 18:28:00,109303.73,109305.02,109260.78,109260.79,3.67643
2025-10-31 18:29:00,109260.78,109260.79,109231.83,109232.0,3.34948
2025-10-31 18:30:00,109232.01,109243.47,109198.82,109202.13,11.42138
2025-10-31 18:31:00,109202.13,109202.14,109080.93,109097.68,46.79291
2025-10-31 18:32:00,109097.67,109105.11,109052.96,109080.26,53.3403
2025-10-31 18:33:00,109080.26,109118.41,109049.7,109061.63,32.20684
2025-10-31 18:34:00,109061.63,109061.63,108977.14,109031.88,19.19837
2025-10-31 18:35:00,109031.89,109049.15,108974.76,109049.15,9.99961
2025-10-31 18:36:00,109049.15,109148.57,109047.52,109135.2,12.67071
2025-10-31 18:37:00,109135.2,109320.28,109077.99,109286.97,64.95551
2025-10-31 18:38:00,109286.98,109336.18,109258.72,109292.36,39.71293
2025-10-31 18:39:00,109292.36,109620.48,109286.0,109588.0,68.12014
2025-10-31 18:40:00,109588.01,109592.48,109509.56,109565.68,14.93993
2025-10-31 18:41:00,109565.68,109588.73,109493.84,109517.39,7.09662
2025-10-31 18:42:00,109517.39,109562.0,109501.56,109539.09,10.36397
2025-10-31 18:43:00,109539.09,109578.32,109455.01,109455.01,9.58028
2025-10-31 18:44:00,109455.01,109817.51,109447.01,109750.49,82.16931
2025-10-31 18:45:00,109750.49,109750.5,109583.37,109598.52,19.56321
2025-10-31 18:46:00,109598.52,109621.1,109517.15,109517.16,11.36384
2025-10-31 18:47:00,109517.15,109525.91,109417.91,109435.64,14.91432
2025-10-31 18:48:00,109435.63,109498.96,109412.91,109412.91,10.75298
2025-10-31 18:49:00,109412.91,109412.92,109343.61,109410.89,7.87111
2025-10-31 18:50:00,109410.88,109410.88,109380.04,109380.24,9.95819
2025-10-31 18:51:00,109380.24,109390.42,109341.84,109345.17,7.11305
2025-10-31 18:52:00,109345.17,109396.0,109345.17,109389.15,10.38248
2025-10-31 18:53:00,109389.15,109389.16,109345.45,109389.14,4.66055
2025-10-31 18:54:00,109389.14,109439.99,109372.34,109379.25,7.20943
2025-10-31 18:55:00,109379.24,109392.07,109377.85,109392.06,3.01842
2025-10-31 18:56:00,109392.06,109411.88,109322.18,109331.07,6.17211
2025-10-31 18:57:00,109331.07,109399.08,109322.07,109399.07,6.85971
2025-10-31 18:58:00,109399.07,109462.67,109399.07,109462.67,3.98548
2025-10-31 18:59:00,109462.66,109493.85,109450.89,109452.35,4.01887
2025-10-31 19:00:00,109452.2,109452.2,109321.32,109321.64,11.16181
2025-10-31 19:01:00,109321.63,109321.63,109284.47,109301.09,5.41094
2025-10-31 19:02:00,109301.09,109301.1,109244.13,109244.14,5.55264
2025-10-31 19:03:00,109244.13,109244.14,109114.52,109151.99,15.78543
2025-10-31 19:04:00,109151.99,109205.38,109151.99,109203.14,6.441
2025-10-31 19:05:00,109203.14,109203.15,109167.38,109195.08,4.17738
2025-10-31 19:06:00,109195.07,109225.47,109195.07,109210.38,2.96702
2025-10-31 19:07:00,109210.37,109221.52,109171.83,109205.33,8.1396
2025-10-31 19:08:00,109205.32,109257.16,109205.32,109257.15,2.94161
2025-10-31 19:09:00,109257.16,109274.21,109250.01,109264.56,3.67874
2025-10-31 19:10:00,109264.55,109281.26,109235.8,109259.22,9.07454
2025-10-31 19:11:00,109259.22,109259.23,109218.33,109218.34,4.49078
2025-10-31 19:12:00,109218.33,109250.49,109218.33,109250.48,4.41704
2025-10-31 19:13:00,109250.48,109298.79,109250.48,109290.92,7.55192
2025-10-31 19:14:00,109290.92,109358.1,109272.71,109358.09,10.38703
2025-10-31 19:15:00,109358.09,109396.44,109351.12,109389.15,11.79031
2025-10-31 19:16:00,109389.15,109477.37,109389.15,109455.57,9.6659
2025-10-31 19:17:00,109455.56,109482.3,109445.94,109475.62,5.95619
2025-10-31 19:18:00,109475.62,109514.9,109475.62,109504.62,5.43903
2025-10-31 19:19:00,109504.61,109532.11,109493.84,109532.1,5.00193
2025-10-31 19:20:00,109532.11,109694.79,109519.67,109689.91,23.72338
2025-10-31 19:21:00,109689.9,109699.19,109620.21,109656.1,14.32733
2025-10-31 19:22:00,109656.1,109692.0,109655.29,109681.11,4.91878
2025-10-31 19:23:00,109681.1,109687.15,109659.0,109663.54,6.0794
2025-10-31 19:24:00,109663.53,109745.61,109663.53,109728.76,5.373
2025-10-31 19:25:00,109728.76,109939.72,109703.21,109865.41,66.2991
2025-10-31 19:26:00,109865.41,109893.43,109847.19,109860.01,15.11467
2025-10-31 19:27:00,109860.01,109882.71,109858.85,109870.23,4.2793
2025-10-31 19:28:00,109870.23,109902.1,109870.23,109900.45,7.49487
2025-10-31 19:29:00,109900.45,109900.46,109780.01,109780.01,30.85824
2025-10-31 19:30:00,109780.01,109863.07,109780.01,109790.32,10.62167
2025-10-31 19:31:00,109790.32,109822.7,109777.06,109812.98,8.19733
2025-10-31 19:32:00,109812.98,109911.8,109796.89,109892.83,51.93263
2025-10-31 19:33:00,109892.82,110024.48,109892.82,110020.0,35.77664
2025-10-31 19:34:00,110023.07,110184.24,110023.07,110074.45,49.87422
2025-10-31 19:35:00,110074.46,110084.62,109972.09,109990.01,14.40323
2025-10-31 19:36:00,109990.0,109992.45,109940.83,109940.83,3.99636
2025-10-31 19:37:00,109940.83,109940.84,109864.53,109868.68,11.76235
2025-10-31 19:38:00,109869.12,109904.0,109862.45,109880.81,5.04324
2025-10-31 19:39:00,109880.81,109890.84,109850.1,109850.11,7.1224
2025-10-31 19:40:00,109850.1,109850.11,109813.18,109813.18,8.43487
2025-10-31 19:41:00,109813.18,109825.84,109801.99,109824.1,10.54786
2025-10-31 19:42:00,109824.1,109912.1,109824.1,109902.2,11.21338
2025-10-31 19:43:00,109902.2,109965.88,109902.2,109930.5,9.98305
2025-10-31 19:44:00,109930.5,109967.99,109930.5,109938.23,6.31355
2025-10-31 19:45:00,109938.22,109999.66,109903.51,109957.85,19.21721
2025-10-31 19:46:00,109957.84,110237.66,109957.84,110237.65,42.47749
2025-10-31 19:47:00,110237.65,110237.66,110150.0,110187.19,21.75859
2025-10-31 19:48:00,110187.18,110187.19,110108.25,110115.44,16.14696
2025-10-31 19:49:00,110115.43,110115.44,110073.91,110084.9,8.95948
2025-10-31 19:50:00,110084.91,110213.71,110084.91,110158.41,15.25025
2025-10-31 19:51:00,110158.41,110210.99,110066.01,110066.02,11.35831
2025-10-31 19:52:00,110066.02,110070.06,110012.26,110012.27,13.99705
2025-10-31 19:53:00,110012.26,110059.75,110012.26,110042.38,7.08715
2025-10-31 19:54:00,110042.37,110099.72,109984.76,110003.87,19.69851
2025-10-31 19:55:00,110003.86,110018.83,109947.48,110008.02,26.0817
2025-10-31 19:56:00,110008.02,110008.02,109941.56,109952.55,10.75816
2025-10-31 19:57:00,109952.55,109968.28,109926.11,109937.1,9.42576
2025-10-31 19:58:00,109937.1,109937.63,109827.27,109861.1,17.11807
2025-10-31 19:59:00,109861.09,109867.83,109792.13,109828.78,21.41686
2025-10-31 20:00:00,109828.78,109828.79,109748.69,109777.26,22.19368
2025-10-31 20:01:00,109777.25,109777.8,109728.06,109741.47,43.85206
2025-10-31 20:02:00,109741.46,109742.0,109694.79,109703.22,8.71062
2025-10-31 20:03:00,109703.22,109703.23,109649.92,109649.92,7.49573
2025-10-31 20:04:00,109649.92,109649.93,109621.3,109631.24,16.60528
2025-10-31 20:05:00,109631.23,109649.92,109560.29,109613.34,47.97518
2025-10-31 20:06:00,109613.35,109696.47,109579.43,109665.3,22.94702
2025-10-31 20:07:00,109665.3,109689.26,109645.36,109689.26,4.20557
2025-10-31 20:08:00,109689.25,109743.19,109683.36,109732.02,14.46303
2025-10-31 20:09:00,109732.01,109732.02,109652.06,109661.45,5.73749
2025-10-31 20:10:00,109661.45,109743.0,109661.44,109743.0,8.82314
2025-10-31 20:11:00,109742.99,109799.21,109734.69,109763.97,13.03322
2025-10-31 20:12:00,109763.97,109826.21,109763.97,109784.62,45.58496
2025-10-31 20:13:00,109784.62,109784.64,109728.57,109728.57,4.00411
2025-10-31 20:14:00,109728.57,109791.03,109706.63,109791.03,7.85635
2025-10-31 20:15:00,109791.04,109810.0,109785.82,109807.9,5.49184
2025-10-31 20:16:00,109807.89,109814.79,109757.0,109757.0,4.55588
2025-10-31 20:17:00,109757.0,109757.01,109730.91,109730.92,1.19496
2025-10-31 20:18:00,109730.91,109746.37,109715.76,109731.54,6.23998
2025-10-31 20:19:00,109731.54,109735.78,109710.27,109723.47,7.55039
2025-10-31 20:20:00,109723.47,109800.27,109723.47,109792.32,8.59531
2025-10-31 20:21:00,109792.32,109822.17,109713.43,109713.43,7.6785
2025-10-31 20:22:00,109713.42,109713.42,109640.08,109648.59,8.074
2025-10-31 20:23:00,109648.59,109676.78,109648.58,109676.78,4.30658
2025-10-31 20:24:00,109676.78,109702.95,109676.77,109702.95,2.21896
2025-10-31 20:25:00,109702.94,109725.26,109694.22,109697.32,3.42503
2025-10-31 20:26:00,109697.31,109697.32,109675.03,109675.04,1.61678
2025-10-31 20:27:00,109675.03,109675.03,109647.44,109653.33,6.39554
2025-10-31 20:28:00,109653.33,109673.86,109651.42,109673.86,1.58442
2025-10-31 20:29:00,109673.85,109687.92,109663.62,109687.91,3.64374
2025-10-31 20:30:00,109687.91,109708.49,109624.84,109624.85,5.93408
2025-10-31 20:31:00,109624.85,109624.85,109566.69,109566.7,7.11052
2025-10-31 20:32:00,109566.69,109598.53,109555.39,109597.15,4.47911
2025-10-31 20:33:00,109597.15,109599.4,109500.0,109557.0,13.68467
2025-10-31 20:34:00,109557.0,109573.74,109546.13,109573.73,2.19379
2025-10-31 20:35:00,109573.73,109573.74,109547.24,109553.44,1.98193
2025-10-31 20:36:00,109553.43,109553.44,109529.48,109529.49,3.00795
2025-10-31 20:37:00,109529.49,109551.31,109512.93,109551.31,3.2546
2025-10-31 20:38:00,109551.3,109551.31,109530.35,109530.36,1.39596
2025-10-31 20:39:00,109530.35,109546.28,109510.22,109546.27,5.62296
2025-10-31 20:40:00,109546.28,109579.6,109546.27,109562.76,4.81653
2025-10-31 20:41:00,109562.75,109562.76,109516.11,109532.96,6.27394
2025-10-31 20:42:00,109532.95,109543.91,109532.95,109543.91,1.74328
2025-10-31 20:43:00,109543.9,109543.91,109511.04,109512.16,7.14249
2025-10-31 20:44:00,109512.17,109540.38,109512.16,109534.48,2.10592
2025-10-31 20:45:00,109534.47,109770.02,109524.79,109755.74,23.60371
2025-10-31 20:46:00,109755.74,109772.88,109728.2,109734.1,5.84748
2025-10-31 20:47:00,109734.1,109759.39,109731.8,109755.33,7.9251
2025-10-31 20:48:00,109755.34,109782.86,109739.74,109782.86,10.70356
2025-10-31 20:49:00,109782.85,109782.86,109761.66,109768.87,2.72671
2025-10-31 20:50:00,109768.87,109768.87,109608.11,109619.08,15.95991
2025-10-31 20:51:00,109619.07,109619.08,109524.79,109554.91,9.67585
2025-10-31 20:52:00,109554.9,109554.91,109473.85,109473.86,5.74314
2025-10-31 20:53:00,109473.85,109522.26,109473.85,109509.0,4.00886
2025-10-31 20:54:00,109509.0,109509.0,109475.68,109480.58,4.22219
2025-10-31 20:55:00,109480.57,109485.32,109473.53,109473.54,1.46343
2025-10-31 20:56:00,109473.54,109473.54,109438.12,109438.12,6.53516
2025-10-31 20:57:00,109438.13,109502.74,109438.12,109471.72,10.6854
2025-10-31 20:58:00,109471.72,109493.84,109471.72,109493.84,4.14819
2025-10-31 20:59:00,109493.83,109493.85,109465.57,109493.85,1.70793
2025-10-31 21:00:00,109493.84,109546.71,109492.48,109530.3,6.80825
2025-10-31 21:01:00,109530.29,109530.3,109521.78,109521.79,0.56547
2025-10-31 21:02:00,109521.79,109536.03,109514.67,109514.68,3.37931
2025-10-31 21:03:00,109514.68,109544.88,109503.72,109529.34,3.81722
2025-10-31 21:04:00,109529.34,109592.16,109529.34,109586.39,8.00102
2025-10-31 21:05:00,109586.38,109586.39,109536.1,109552.39,9.71999
2025-10-31 21:06:00,109552.38,109582.21,109552.38,109582.21,3.1174
2025-10-31 21:07:00,109582.21,109591.8,109582.2,109591.8,3.42138
2025-10-31 21:08:00,109591.79,109591.8,109547.16,109570.64,8.01778
2025-10-31 21:09:00,109570.64,109586.0,109570.13,109576.64,6.56289
2025-10-31 21:10:00,109576.63,109576.63,109554.34,109554.34,2.9425
2025-10-31 21:11:00,109554.34,109554.35,109554.34,109554.35,1.1195
2025-10-31 21:12:00,109554.35,109554.35,109536.03,109536.04,3.39272
2025-10-31 21:13:00,109536.03,109536.04,109512.3,109512.31,3.66501
2025-10-31 21:14:00,109512.3,109512.3,109329.15,109338.96,24.61162
2025-10-31 21:15:00,109338.97,109430.0,109338.96,109427.78,14.32866
2025-10-31 21:16:00,109427.79,109525.18,109427.78,109525.18,5.56542
2025-10-31 21:17:00,109525.17,109525.18,109498.43,109512.64,3.66694
2025-10-31 21:18:00,109512.63,109530.17,109506.55,109530.17,2.52233
2025-10-31 21:19:00,109530.16,109530.17,109502.36,109530.16,2.40012
2025-10-31 21:20:00,109530.16,109540.22,109524.27,109524.27,2.89309
2025-10-31 21:21:00,109524.28,109579.34,109524.27,109579.34,4.17593
2025-10-31 21:22:00,109579.33,109623.09,109579.33,109623.09,6.43611
2025-10-31 21:23:00,109623.08,109685.28,109609.5,109644.93,9.35632
2025-10-31 21:24:00,109644.92,109647.72,109637.51,109647.72,2.57429
2025-10-31 21:25:00,109647.71,109647.72,109558.63,109580.84,5.75582
2025-10-31 21:26:00,109580.84,109584.64,109580.83,109580.84,2.9862
2025-10-31 21:27:00,109580.83,109580.84,109550.01,109550.02,2.24702
2025-10-31 21:28:00,109550.01,109550.02,109544.13,109548.6,1.28723
2025-10-31 21:29:00,109548.59,109548.6,109548.59,109548.6,0.49827
2025-10-31 21:30:00,109548.6,109562.79,109544.39,109544.4,3.66547
2025-10-31 21:31:00,109544.39,109544.4,109451.11,109451.11,18.72964
2025-10-31 21:32:00,109451.11,109514.73,109451.11,109509.85,6.50345
2025-10-31 21:33:00,109509.85,109527.98,109508.54,109527.98,2.10363
2025-10-31 21:34:00,109527.97,109527.97,109469.02,109469.03,4.05655
2025-10-31 21:35:00,109469.02,109539.57,109451.14,109539.52,7.94037
2025-10-31 21:36:00,109539.52,109748.78,109530.2,109748.78,21.85462
2025-10-31 21:37:00,109748.78,109750.0,109691.07,109691.07,7.52533
2025-10-31 21:38:00,109691.07,109744.77,109664.01,109744.77,9.7877
2025-10-31 21:39:00,109744.76,109744.77,109703.48,109738.14,4.81026
2025-10-31 21:40:00,109738.13,109738.13,109703.21,109703.21,2.80137
2025-10-31 21:41:00,109703.21,109703.22,109683.2,109683.21,3.82711
2025-10-31 21:42:00,109683.21,109683.21,109683.2,109683.2,0.66569
2025-10-31 21:43:00,109683.2,109683.21,109644.32,109644.33,2.72407
2025-10-31 21:44:00,109644.32,109644.33,109562.21,109562.21,6.5745
2025-10-31 21:45:00,109562.21,109579.08,109554.11,109554.12,5.64025
2025-10-31 21:46:00,109554.11,109608.46,109554.11,109608.46,3.97985
2025-10-31 21:47:00,109608.46,109659.0,109608.46,109659.0,2.599
2025-10-31 21:48:00,109658.99,109659.0,109589.11,109589.12,6.00146
2025-10-31 21:49:00,109589.11,109598.53,109579.42,109598.53,3.34553
2025-10-31 21:50:00,109598.52,109629.95,109598.52,109600.49,3.33355
2025-10-31 21:51:00,109600.5,109600.5,109573.18,109573.19,1.2034
2025-10-31 21:52:00,109573.18,109614.97,109573.18,109614.97,3.93097
2025-10-31 21:53:00,109614.97,109687.18,109600.0,109600.01,7.77393
2025-10-31 21:54:00,109600.0,109600.01,109600.0,109600.01,0.38719
2025-10-31 21:55:00,109600.0,109600.01,109561.39,109561.39,9.17484
2025-10-31 21:56:00,109561.39,109561.4,109561.39,109561.39,0.60802
2025-10-31 21:57:00,109561.39,109578.11,109561.39,109578.11,6.00765
2025-10-31 21:58:00,109578.1,109585.3,109578.1,109585.3,3.03984
2025-10-31 21:59:00,109585.29,109585.3,109547.52,109558.48,15.35664
2025-10-31 22:00:00,109558.48,109558.48,109549.83,109549.83,1.91082
2025-10-31 22:01:00,109549.84,109549.84,109520.43,109526.33,5.7411
2025-10-31 22:02:00,109526.33,109548.11,109483.66,109531.06,13.87936
2025-10-31 22:03:00,109531.05,109578.66,109531.05,109547.87,4.0864
2025-10-31 22:04:00,109547.87,109563.15,109527.89,109527.89,3.46197
2025-10-31 22:05:00,109527.9,109560.64,109527.89,109560.64,1.62475
2025-10-31 22:06:00,109560.63,109593.95,109544.25,109582.16,4.70298
2025-10-31 22:07:00,109582.17,109619.99,109582.16,109609.96,4.43866
2025-10-31 22:08:00,109609.96,109639.95,109609.52,109626.32,3.64264
2025-10-31 22:09:00,109626.32,109626.33,109612.94,109618.42,0.9081
2025-10-31 22:10:00,109618.42,109678.4,109618.42,109678.4,4.98683
2025-10-31 22:11:00,109678.39,109744.98,109678.39,109724.77,19.13552
2025-10-31 22:12:00,109724.76,109746.78,109709.09,109740.88,3.19332
2025-10-31 22:13:00,109740.87,109740.88,109734.97,109740.87,2.02333
2025-10-31 22:14:00,109740.87,109740.88,109706.12,109706.12,14.26482
2025-10-31 22:15:00,109706.13,109752.57,109706.12,109752.57,9.97791
2025-10-31 22:16:00,109752.56,109795.41,109749.98,109780.85,10.63612
2025-10-31 22:17:00,109780.85,109800.0,109780.85,109791.12,3.32505
2025-10-31 22:18:00,109791.12,109801.89,109781.57,109801.89,3.36219
2025-10-31 22:19:00,109801.88,109801.88,109790.82,109801.78,2.65857
2025-10-31 22:20:00,109801.78,109801.79,109786.43,109797.41,3.55015
2025-10-31 22:21:00,109797.41,109797.42,109773.8,109773.81,0.93575
2025-10-31 22:22:00,109773.8,109773.81,109705.87,109705.87,4.6666
2025-10-31 22:23:00,109705.88,109705.88,109667.32,109667.33,2.9091
2025-10-31 22:24:00,109667.32,109667.33,109588.3,109588.32,11.62703
2025-10-31 22:25:00,109588.32,109629.93,109588.31,109629.92,2.50185
2025-10-31 22:26:00,109629.92,109629.92,109598.54,109602.63,2.02409
2025-10-31 22:27:00,109602.62,109648.44,109602.62,109639.93,3.63196
2025-10-31 22:28:00,109639.93,109656.57,109639.93,109656.57,1.95379
2025-10-31 22:29:00,109656.56,109656.57,109641.35,109656.57,1.80361
2025-10-31 22:30:00,109656.56,109656.56,109630.38,109653.79,2.8221
2025-10-31 22:31:00,109653.79,109677.44,109638.74,109659.73,3.34108
2025-10-31 22:32:00,109659.73,109671.38,109647.94,109659.26,3.44939
2025-10-31 22:33:00,109659.25,109693.18,109659.25,109693.17,4.13677
2025-10-31 22:34:00,109693.17,109721.9,109687.27,109705.73,10.06996
2025-10-31 22:35:00,109705.73,109705.73,109682.86,109682.86,2.85582
2025-10-31 22:36:00,109682.86,109699.44,109678.73,109699.44,3.26495
2025-10-31 22:37:00,109699.44,109728.08,109696.17,109727.24,10.67309
2025-10-31 22:38:00,109727.24,109733.34,109704.69,109704.69,4.51114
2025-10-31 22:39:00,109704.69,109705.11,109704.69,109705.11,2.7641
2025-10-31 22:40:00,109705.1,109726.18,109705.1,109726.17,3.35671
2025-10-31 22:41:00,109726.18,109726.18,109680.0,109680.01,3.03501
2025-10-31 22:42:00,109680.01,109680.01,109661.23,109661.24,25.40245
2025-10-31 22:43:00,109661.23,109661.24,109649.87,109651.91,6.98224
2025-10-31 22:44:00,109651.91,109651.91,109630.0,109630.0,2.15152
2025-10-31 22:45:00,109630.0,109630.01,109570.87,109570.88,9.5225
2025-10-31 22:46:00,109570.87,109570.89,109570.87,109570.89,1.90103
2025-10-31 22:47:00,109570.88,109609.45,109570.88,109609.31,3.80063
2025-10-31 22:48:00,109609.31,109610.96,109595.58,109595.58,2.54663
2025-10-31 22:49:00,109595.58,109595.6,109585.07,109591.63,4.18503
2025-10-31 22:50:00,109591.62,109591.63,109580.02,109580.03,1.30282
2025-10-31 22:51:00,109580.02,109620.46,109580.02,109613.43,4.40323
2025-10-31 22:52:00,109613.43,109620.46,109613.42,109620.45,1.58961
2025-10-31 22:53:00,109620.45,109620.46,109602.99,109612.09,2.7179
2025-10-31 22:54:00,109612.09,109612.1,109612.09,109612.1,0.26724
2025-10-31 22:55:00,109612.09,109629.17,109612.09,109629.16,2.35809
2025-10-31 22:56:00,109629.16,109629.17,109628.2,109628.2,3.21773
2025-10-31 22:57:00,109628.21,109628.22,109628.2,109628.21,1.1483
2025-10-31 22:58:00,109628.21,109628.22,109598.52,109598.52,2.56494
2025-10-31 22:59:00,109598.52,109598.53,109580.08,109580.09,3.02891
2025-10-31 23:00:00,109580.08,109580.09,109580.0,109580.01,0.63315
2025-10-31 23:01:00,109580.0,109589.32,109580.0,109580.01,4.46666
2025-10-31 23:02:00,109580.01,109580.02,109580.0,109580.01,0.68309
2025-10-31 23:03:00,109580.02,109580.02,109580.0,109580.01,4.63027
2025-10-31 23:04:00,109580.01,109608.0,109580.0,109608.0,4.0866
2025-10-31 23:05:00,109607.99,109608.0,109596.47,109596.47,1.17838
2025-10-31 23:06:00,109596.47,109596.48,109580.0,109580.01,11.46494
2025-10-31 23:07:00,109580.0,109587.3,109564.15,109575.08,24.9643
2025-10-31 23:08:00,109575.08,109575.08,109564.15,109565.0,2.48593
2025-10-31 23:09:00,109564.99,109598.08,109564.99,109593.71,2.90159
2025-10-31 23:10:00,109593.71,109593.72,109565.87,109565.88,0.57121
2025-10-31 23:11:00,109565.87,109587.12,109565.87,109587.12,2.86707
2025-10-31 23:12:00,109587.11,109593.12,109587.11,109593.12,1.93646
2025-10-31 23:13:00,109593.11,109593.12,109557.01,109557.02,6.18866
2025-10-31 23:14:00,109557.01,109557.02,109544.49,109544.5,1.54669
2025-10-31 23:15:00,109544.49,109544.5,109540.55,109540.94,1.28259
2025-10-31 23:16:00,109540.94,109566.7,109540.94,109566.69,2.8936
2025-10-31 23:17:00,109566.69,109595.98,109566.69,109595.98,2.58763
2025-10-31 23:18:00,109595.98,109629.16,109595.97,109612.94,4.55996
2025-10-31 23:19:00,109612.93,109612.93,109584.39,109584.39,1.92363
2025-10-31 23:20:00,109584.39,109593.22,109584.39,109587.33,1.9486
2025-10-31 23:21:00,109587.33,109597.79,109587.33,109597.78,2.84978
2025-10-31 23:22:00,109597.79,109597.79,109586.84,109586.85,0.93823
2025-10-31 23:23:00,109586.85,109586.85,109586.84,109586.84,1.10332
2025-10-31 23:24:00,109586.84,109597.78,109586.84,109597.78,1.00006
2025-10-31 23:25:00,109597.77,109612.21,109597.77,109612.2,1.05394
2025-10-31 23:26:00,109612.21,109616.66,109612.2,109616.66,1.87107
2025-10-31 23:27:00,109616.65,109616.66,109606.64,109606.64,1.32187
2025-10-31 23:28:00,109606.64,109613.24,109606.64,109613.24,1.38549
2025-10-31 23:29:00,109613.23,109613.24,109613.23,109613.24,0.39017
2025-10-31 23:30:00,109613.23,109613.24,109598.54,109598.55,2.60461
2025-10-31 23:31:00,109598.54,109598.55,109573.62,109573.62,1.80592
2025-10-31 23:32:00,109573.62,109573.63,109540.0,109540.0,5.55992
2025-10-31 23:33:00,109540.0,109548.28,109518.22,109548.2,6.66594
2025-10-31 23:34:00,109548.21,109548.92,109539.53,109548.91,1.42627
2025-10-31 23:35:00,109548.91,109575.17,109548.91,109575.16,1.60052
2025-10-31 23:36:00,109575.17,109579.93,109560.71,109560.71,1.8587
2025-10-31 23:37:00,109560.72,109583.35,109560.71,109583.35,3.53213
2025-10-31 23:38:00,109583.35,109598.53,109583.35,109585.37,1.85607
2025-10-31 23:39:00,109585.37,109585.38,109576.06,109576.06,1.92242
2025-10-31 23:40:00,109576.07,109612.5,109576.06,109596.92,4.02478
2025-10-31 23:41:00,109596.93,109609.29,109596.92,109609.28,1.48708
2025-10-31 23:42:00,109609.29,109639.25,109609.28,109635.79,5.85742
2025-10-31 23:43:00,109635.8,109655.39,109633.07,109648.55,6.15525
2025-10-31 23:44:00,109648.54,109651.35,109643.1,109651.35,2.02649
2025-10-31 23:45:00,109651.35,109654.09,109644.76,109644.77,1.88155
2025-10-31 23:46:00,109644.77,109644.77,109617.71,109622.08,2.55317
2025-10-31 23:47:00,109622.07,109683.31,109622.07,109681.11,4.95397
2025-10-31 23:48:00,109681.12,109681.12,109628.01,109644.15,2.78271
2025-10-31 23:49:00,109644.15,109644.16,109628.01,109628.01,0.84434
2025-10-31 23:50:00,109628.02,109628.02,109619.51,109619.51,0.73458
2025-10-31 23:51:00,109619.51,109619.52,109619.51,109619.52,1.33994
2025-10-31 23:52:00,109619.51,109619.52,109619.51,109619.51,0.85625
2025-10-31 23:53:00,109619.51,109619.52,109619.51,109619.52,3.90942
2025-10-31 23:54:00,109619.51,109619.52,109619.51,109619.51,3.14635
2025-10-31 23:55:00,109619.52,109621.63,109619.51,109621.62,0.99418
2025-10-31 23:56:00,109621.62,109621.63,109610.81,109610.81,1.56394
2025-10-31 23:57:00,109610.81,109610.83,109610.81,109610.82,1.63319
2025-10-31 23:58:00,109610.82,109610.83,109610.82,109610.83,0.87188
2025-10-31 23:59:00,109610.83,109610.83,109608.0,109608.01,3.25281
2025-11-01 00:00:00,109608.01,109621.62,109608.0,109616.35,5.65926
2025-11-01 00:01:00,109616.34,109639.64,109550.46,109550.47,47.19536
2025-11-01 00:02:00,109550.46,109550.46,109470.92,109470.93,10.29554
2025-11-01 00:03:00,109470.92,109476.12,109447.0,109447.0,39.15662
2025-11-01 00:04:00,109447.0,109457.94,109441.26,109444.44,4.47815
2025-11-01 00:05:00,109444.44,109444.45,109415.29,109440.0,11.83895
2025-11-01 00:06:00,109440.0,109440.0,109433.29,109433.29,1.02205
2025-11-01 00:07:00,109433.29,109433.3,109419.81,109419.81,0.60111
2025-11-01 00:08:00,109419.81,109433.3,109419.39,109419.39,1.34139
2025-11-01 00:09:00,109419.39,109439.51,109415.29,109439.51,2.48933
2025-11-01 00:10:00,109439.5,109493.83,109439.5,109493.83,5.18271
2025-11-01 00:11:00,109493.83,109493.83,109468.17,109468.17,7.11693
2025-11-01 00:12:00,109468.18,109468.18,109450.42,109450.42,1.42068
2025-11-01 00:13:00,109450.43,109471.45,109450.42,109471.45,4.19955
2025-11-01 00:14:00,109471.45,109493.83,109471.44,109471.44,2.92911
2025-11-01 00:15:00,109471.44,109471.45,109449.55,109449.55,5.35712
2025-11-01 00:16:00,109449.55,109482.92,109449.55,109482.92,2.70584
2025-11-01 00:17:00,109482.91,109523.84,109482.91,109515.37,4.34733
2025-11-01 00:18:00,109515.36,109515.37,109502.19,109502.2,1.77028
2025-11-01 00:19:00,109502.19,109502.2,109462.0,109462.01,1.91923
2025-11-01 00:20:00,109462.0,109471.03,109462.0,109471.03,2.16807
2025-11-01 00:21:00,109471.03,109485.25,109471.02,109484.73,2.12542
2025-11-01 00:22:00,109484.73,109484.74,109394.81,109408.44,12.59431
2025-11-01 00:23:00,109408.43,109493.85,109408.43,109493.84,10.74677
2025-11-01 00:24:00,109493.84,109493.85,109493.84,109493.84,1.39411
2025-11-01 00:25:00,109493.84,109520.0,109490.7,109519.99,5.00596
2025-11-01 00:26:00,109520.0,109541.77,109519.99,109539.58,2.42446
2025-11-01 00:27:00,109539.58,109539.59,109531.93,109531.94,2.21421
2025-11-01 00:28:00,109531.93,109564.32,109517.04,109517.05,7.02563
2025-11-01 00:29:00,109517.05,109537.24,109517.04,109537.24,4.16584
2025-11-01 00:30:00,109537.23,109537.24,109483.05,109483.05,4.39523
2025-11-01 00:31:00,109483.06,109483.06,109450.0,109450.01,1.64369
2025-11-01 00:32:00,109450.01,109462.58,109449.99,109450.03,2.17815
2025-11-01 00:33:00,109450.03,109460.91,109433.07,109433.08,1.14215
2025-11-01 00:34:00,109433.07,109445.35,109433.07,109445.34,1.68878
2025-11-01 00:35:00,109445.34,109482.84,109445.34,109468.92,2.2283
2025-11-01 00:36:00,109468.93,109484.13,109468.92,109473.18,2.49822
2025-11-01 00:37:00,109473.17,109493.84,109473.17,109493.84,1.47053
2025-11-01 00:38:00,109493.83,109513.53,109493.83,109497.26,2.08525
2025-11-01 00:39:00,109497.26,109502.95,109492.03,109492.03,0.62951
2025-11-01 00:40:00,109492.02,109492.03,109491.99,109492.0,2.87942
2025-11-01 00:41:00,109492.0,109492.0,109491.99,109492.0,0.2532
2025-11-01 00:42:00,109491.99,109541.96,109491.99,109541.96,3.71259
2025-11-01 00:43:00,109541.96,109549.05,109536.06,109549.05,3.20951
2025-11-01 00:44:00,109549.04,109615.51,109549.04,109615.5,4.8674
2025-11-01 00:45:00,109615.51,109650.32,109615.5,109650.32,2.3987
2025-11-01 00:46:00,109650.33,109723.04,109650.33,109720.81,13.89595
2025-11-01 00:47:00,109720.81,109725.83,109719.45,109719.46,1.06066
2025-11-01 00:48:00,109719.45,109725.83,109719.45,109725.83,2.0799
2025-11-01 00:49:00,109725.83,109749.12,109725.82,109734.87,7.78926
2025-11-01 00:50:00,109734.86,109749.0,109734.86,109749.0,2.23988
2025-11-01 00:51:00,109749.0,109751.99,109734.86,109751.98,5.24234
2025-11-01 00:52:00,109751.98,109751.99,109733.48,109733.48,2.93822
2025-11-01 00:53:00,109733.34,109733.35,109686.27,109687.86,4.2019
2025-11-01 00:54:00,109687.85,109693.14,109682.22,109682.22,1.67972
2025-11-01 00:55:00,109682.23,109703.21,109682.21,109682.22,3.67079
2025-11-01 00:56:00,109682.21,109688.02,109682.21,109688.01,1.83226
2025-11-01 00:57:00,109688.01,109740.0,109688.01,109740.0,12.13768
2025-11-01 00:58:00,109739.99,109740.0,109724.91,109737.37,6.33405
2025-11-01 00:59:00,109737.37,109737.37,109730.77,109730.78,1.33267
2025-11-01 01:00:00,109730.78,109730.78,109724.92,109724.93,3.65369
2025-11-01 01:01:00,109724.93,109835.68,109724.93,109835.67,9.64359
2025-11-01 01:02:00,109835.68,109877.0,109829.91,109829.92,6.78476
2025-11-01 01:03:00,109829.91,109866.68,109829.91,109866.68,1.51405
2025-11-01 01:04:00,109866.67,109866.68,109837.32,109837.33,2.6157
2025-11-01 01:05:00,109837.32,109837.33,109815.04,109831.0,2.04788
2025-11-01 01:06:00,109831.0,109843.99,109830.99,109836.54,1.22865
2025-11-01 01:07:00,109836.54,109836.54,109815.9,109815.91,1.44045
2025-11-01 01:08:00,109815.9,109815.91,109782.08,109782.08,1.59977
2025-11-01 01:09:00,109782.08,109804.85,109782.08,109804.85,2.09315
2025-11-01 01:10:00,109804.85,109804.85,109790.24,109790.24,1.12033
2025-11-01 01:11:00,109790.24,109790.25,109777.82,109777.83,5.3863
2025-11-01 01:12:00,109777.83,109777.83,109777.82,109777.83,0.62809
2025-11-01 01:13:00,109777.83,109794.52,109754.7,109794.52,4.80653
2025-11-01 01:14:00,109794.51,109794.52,109772.81,109772.81,3.08504
2025-11-01 01:15:00,109772.81,109786.29,109761.84,109761.85,2.36543
2025-11-01 01:16:00,109761.84,109779.07,109761.84,109779.06,1.56688
2025-11-01 01:17:00,109779.06,109783.6,109779.06,109783.6,1.3323
2025-11-01 01:18:00,109783.59,109783.6,109705.59,109716.58,10.25632
2025-11-01 01:19:00,109716.57,109724.06,109716.18,109724.06,2.17326
2025-11-01 01:20:00,109724.06,109732.34,109724.05,109732.34,1.90836
2025-11-01 01:21:00,109732.34,109732.34,109720.25,109720.25,1.82282
2025-11-01 01:22:00,109720.26,109720.26,109699.84,109699.85,3.5491
2025-11-01 01:23:00,109699.84,109725.73,109699.84,109725.73,2.47504
2025-11-01 01:24:00,109725.72,109768.55,109725.72,109764.5,2.32729
2025-11-01 01:25:00,109764.5,109770.43,109752.41,109770.42,3.58329
2025-11-01 01:26:00,109770.42,109799.33,109770.42,109799.32,2.47908
2025-11-01 01:27:00,109799.32,109826.06,109799.32,109826.06,2.33067
2025-11-01 01:28:00,109826.06,109863.29,109826.05,109863.29,4.34984
2025-11-01 01:29:00,109863.29,109928.05,109863.28,109928.04,6.15137
2025-11-01 01:30:00,109928.05,109928.05,109913.53,109913.54,3.61443
2025-11-01 01:31:00,109913.54,109928.05,109913.54,109928.04,2.07588
2025-11-01 01:32:00,109928.04,110048.0,109928.04,110040.7,29.36145
2025-11-01 01:33:00,110040.7,110040.71,109913.54,109913.55,10.64193
2025-11-01 01:34:00,109913.55,109913.55,109837.71,109846.54,6.0334
2025-11-01 01:35:00,109846.53,109846.54,109836.0,109836.0,3.63415
2025-11-01 01:36:00,109836.01,109865.91,109828.57,109828.57,7.27332
2025-11-01 01:37:00,109828.57,109828.57,109807.89,109807.9,4.19508
2025-11-01 01:38:00,109807.89,109807.9,109807.89,109807.9,0.37585
2025-11-01 01:39:00,109807.89,109807.9,109782.58,109782.59,2.29395
2025-11-01 01:40:00,109782.58,109787.76,109782.58,109787.75,1.29797
2025-11-01 01:41:00,109787.76,109787.76,109783.0,109783.01,0.70007
2025-11-01 01:42:00,109783.0,109783.01,109779.99,109780.0,0.75268
2025-11-01 01:43:00,109779.99,109803.56,109779.99,109803.56,3.18158
2025-11-01 01:44:00,109803.56,109818.93,109803.55,109818.93,3.32325
2025-11-01 01:45:00,109818.93,109818.94,109818.92,109818.94,0.99552
2025-11-01 01:46:00,109818.93,109840.89,109818.93,109840.88,1.55722
2025-11-01 01:47:00,109840.89,109849.99,109840.88,109849.98,2.68794
2025-11-01 01:48:00,109849.98,109849.99,109843.39,109843.4,2.21463
2025-11-01 01:49:00,109843.39,109843.4,109808.36,109808.37,2.03552
2025-11-01 01:50:00,109808.36,109819.99,109808.36,109819.99,1.62772
2025-11-01 01:51:00,109819.98,109819.99,109809.0,109809.01,1.77443
2025-11-01 01:52:00,109809.01,109809.01,109782.04,109782.05,2.0694
2025-11-01 01:53:00,109782.04,109782.05,109762.0,109762.01,1.47999
2025-11-01 01:54:00,109762.0,109776.31,109762.0,109771.7,2.39953
2025-11-01 01:55:00,109771.7,109784.58,109771.69,109778.74,1.40316
2025-11-01 01:56:00,109778.74,109778.75,109757.99,109757.99,1.57977
2025-11-01 01:57:00,109757.99,109758.0,109757.99,109758.0,1.46595
2025-11-01 01:58:00,109758.0,109758.0,109757.99,109758.0,4.8114
2025-11-01 01:59:00,109758.0,109758.0,109734.1,109734.11,2.77435
2025-11-01 02:00:00,109734.1,109734.1,109716.51,109730.41,2.78575
2025-11-01 02:01:00,109730.41,109756.47,109730.41,109756.46,3.19152
2025-11-01 02:02:00,109756.46,109756.47,109672.85,109672.85,9.85688
2025-11-01 02:03:00,109672.85,109672.86,109632.0,109644.29,25.75709
2025-11-01 02:04:00,109644.28,109667.82,109644.28,109665.08,1.69875
2025-11-01 02:05:00,109665.07,109676.23,109632.04,109632.04,10.19734
2025-11-01 02:06:00,109632.05,109632.05,109615.0,109616.88,4.82723
2025-11-01 02:07:00,109616.87,109616.88,109610.0,109610.0,1.4495
2025-11-01 02:08:00,109610.0,109610.01,109586.0,109598.53,9.71792
2025-11-01 02:09:00,109598.54,109598.54,109518.98,109534.16,33.20018
2025-11-01 02:10:00,109534.16,109542.88,109509.21,109542.88,7.3292
2025-11-01 02:11:00,109542.87,109580.0,109542.87,109579.99,2.77895
2025-11-01 02:12:00,109580.0,109616.0,109579.99,109615.99,2.4977
2025-11-01 02:13:00,109616.0,109616.22,109605.4,109605.4,5.17631
2025-11-01 02:14:00,109605.4,109639.31,109605.4,109639.31,2.55444
2025-11-01 02:15:00,109639.3,109700.0,109639.3,109700.0,2.95216
2025-11-01 02:16:00,109699.99,109763.54,109699.99,109763.54,7.25815
2025-11-01 02:17:00,109763.54,109788.9,109763.53,109788.89,4.89471
2025-11-01 02:18:00,109788.9,109788.9,109781.5,109781.5,3.48084
2025-11-01 02:19:00,109781.5,109781.51,109752.0,109752.01,3.64039
2025-11-01 02:20:00,109752.01,109770.0,109752.0,109770.0,1.14955
2025-11-01 02:21:00,109770.0,109772.74,109750.0,109750.01,8.5436
2025-11-01 02:22:00,109750.01,109750.01,109734.61,109734.61,5.32384
2025-11-01 02:23:00,109734.62,109734.62,109679.65,109679.66,4.98829
2025-11-01 02:24:00,109679.66,109679.66,109661.26,109661.26,2.27247
2025-11-01 02:25:00,109661.26,109685.7,109660.6,109685.69,2.20799
2025-11-01 02:26:00,109685.7,109685.7,109670.92,109676.8,2.37402
2025-11-01 02:27:00,109676.8,109677.22,109670.98,109670.99,0.67772
2025-11-01 02:28:00,109670.98,109670.99,109670.2,109670.21,0.60603
2025-11-01 02:29:00,109670.21,109670.21,109651.53,109651.53,1.23904
2025-11-01 02:30:00,109651.54,109668.84,109651.53,109651.54,1.73376
2025-11-01 02:31:00,109651.53,109656.31,109636.64,109636.64,2.75738
2025-11-01 02:32:00,109636.63,109647.15,109626.9,109626.9,4.98343
2025-11-01 02:33:00,109626.9,109626.9,109570.65,109570.66,6.97316
2025-11-01 02:34:00,109570.65,109570.66,109530.0,109543.84,9.38451
2025-11-01 02:35:00,109543.83,109543.84,109494.11,109494.11,10.46458
2025-11-01 02:36:00,109494.11,109525.55,109494.11,109500.41,4.70377
2025-11-01 02:37:00,109500.41,109500.42,109478.09,109478.09,1.72867
2025-11-01 02:38:00,109478.09,109539.84,109478.09,109538.19,6.66043
2025-11-01 02:39:00,109538.19,109538.2,109512.3,109537.08,4.54163
2025-11-01 02:40:00,109537.07,109560.92,109524.27,109560.91,2.67572
2025-11-01 02:41:00,109560.92,109581.62,109560.92,109581.61,5.5618
2025-11-01 02:42:00,109581.6,109622.02,109581.6,109622.01,7.68365
2025-11-01 02:43:00,109622.01,109636.89,109622.01,109636.89,2.56561
2025-11-01 02:44:00,109636.89,109636.89,109619.0,109619.01,2.37592
2025-11-01 02:45:00,109619.0,109738.58,109619.0,109738.58,11.93718
2025-11-01 02:46:00,109738.57,109800.0,109738.57,109800.0,10.17494
2025-11-01 02:47:00,109799.99,109800.0,109751.79,109779.81,8.77168
2025-11-01 02:48:00,109779.8,109786.09,109779.8,109786.09,1.21622
2025-11-01 02:49:00,109786.08,109802.4,109768.0,109768.01,8.42175
2025-11-01 02:50:00,109768.0,109780.92,109768.0,109780.91,1.13251
2025-11-01 02:51:00,109780.91,109801.9,109780.91,109801.9,3.64111
2025-11-01 02:52:00,109801.89,109809.99,109801.89,109809.98,2.78649
2025-11-01 02:53:00,109809.99,109809.99,109802.14,109803.59,2.55381
2025-11-01 02:54:00,109803.59,109872.29,109803.58,109867.58,7.23226
2025-11-01 02:55:00,109867.58,109867.58,109824.07,109824.07,5.22655
2025-11-01 02:56:00,109824.07,109824.08,109786.19,109786.19,3.65383
2025-11-01 02:57:00,109786.2,109797.17,109786.19,109787.84,2.63191
2025-11-01 02:58:00,109787.83,109793.88,109787.17,109793.88,1.55185
2025-11-01 02:59:00,109793.88,109800.46,109790.26,109790.27,1.95534
2025-11-01 03:00:00,109790.27,109798.0,109790.26,109797.99,1.38611
2025-11-01 03:01:00,109797.99,109817.89,109797.99,109807.89,2.51081
2025-11-01 03:02:00,109807.9,109815.1,109789.17,109815.09,2.47679
2025-11-01 03:03:00,109815.1,109851.18,109815.09,109851.18,3.60506
2025-11-01 03:04:00,109851.17,109858.99,109849.55,109858.99,4.86439
2025-11-01 03:05:00,109858.99,109865.41,109858.98,109865.41,3.07026
2025-11-01 03:06:00,109865.41,109890.48,109865.41,109890.48,3.40128
2025-11-01 03:07:00,109890.47,109915.75,109890.47,109915.75,6.33609
2025-11-01 03:08:00,109915.75,109948.96,109915.75,109935.92,7.99439
2025-11-01 03:09:00,109935.92,109942.52,109914.0,109914.0,6.38483
2025-11-01 03:10:00,109914.0,109925.36,109908.1,109908.1,3.76009
2025-11-01 03:11:00,109908.1,109908.11,109880.96,109900.48,6.43804
2025-11-01 03:12:00,109900.48,109900.49,109888.88,109888.89,2.30691
2025-11-01 03:13:00,109888.89,109900.48,109886.42,109900.48,1.32984
2025-11-01 03:14:00,109900.47,109900.48,109900.47,109900.48,0.75197
2025-11-01 03:15:00,109900.48,109920.0,109900.47,109920.0,10.96663
2025-11-01 03:16:00,109919.99,109976.06,109919.99,109953.66,6.95011
2025-11-01 03:17:00,109953.65,109968.54,109953.65,109968.54,6.04457
2025-11-01 03:18:00,109968.53,110081.52,109959.18,110081.52,25.52319
2025-11-01 03:19:00,110081.51,110217.89,110062.62,110168.0,56.2993
2025-11-01 03:20:00,110168.01,110168.01,110103.8,110103.81,14.68929
2025-11-01 03:21:00,110103.8,110123.0,110015.61,110099.84,25.59168
2025-11-01 03:22:00,110099.85,110132.71,110080.08,110092.0,9.71518
2025-11-01 03:23:00,110092.01,110099.85,110028.69,110028.7,4.95233
2025-11-01 03:24:00,110028.69,110028.7,110006.7,110006.71,8.19239
2025-11-01 03:25:00,110006.71,110097.22,110006.7,110040.86,13.58782
2025-11-01 03:26:00,110040.87,110040.87,110034.05,110034.06,1.06861
2025-11-01 03:27:00,110034.05,110034.06,110034.05,110034.06,1.18737
2025-11-01 03:28:00,110034.05,110074.3,110034.05,110074.29,3.6634
2025-11-01 03:29:00,110074.3,110074.3,110034.09,110034.09,6.46116
2025-11-01 03:30:00,110034.09,110034.1,110026.9,110033.0,9.13542
2025-11-01 03:31:00,110033.0,110049.91,110032.99,110049.9,21.42951
2025-11-01 03:32:00,110049.9,110049.91,110049.9,110049.91,1.31938
2025-11-01 03:33:00,110049.91,110114.28,110049.9,110085.04,12.59602
2025-11-01 03:34:00,110085.03,110085.03,110078.0,110078.0,3.4182
2025-11-01 03:35:00,110078.01,110111.52,110078.0,110080.35,12.62063
2025-11-01 03:36:00,110080.34,110101.03,110080.34,110101.03,5.37091
2025-11-01 03:37:00,110101.03,110143.97,110101.02,110124.96,7.92554
2025-11-01 03:38:00,110124.95,110143.97,110121.95,110121.95,6.1102
2025-11-01 03:39:00,110121.96,110121.96,110091.63,110106.15,4.10408
2025-11-01 03:40:00,110106.14,110106.15,110091.0,110091.0,5.71499
2025-11-01 03:41:00,110091.0,110288.39,110091.0,110262.24,35.38361
2025-11-01 03:42:00,110262.23,110262.24,110200.0,110200.01,10.1771
2025-11-01 03:43:00,110200.0,110200.0,110161.77,110161.78,2.77021
2025-11-01 03:44:00,110161.77,110174.01,110155.85,110167.4,5.14532
2025-11-01 03:45:00,110167.39,110167.4,110130.99,110130.99,2.12436
2025-11-01 03:46:00,110131.0,110162.75,110130.99,110159.44,6.58509
2025-11-01 03:47:00,110159.43,110162.75,110145.92,110156.83,4.17624
2025-11-01 03:48:00,110156.82,110186.61,110149.77,110149.77,6.55856
2025-11-01 03:49:00,110149.78,110184.0,110149.77,110183.99,3.8439
2025-11-01 03:50:00,110183.99,110212.38,110183.99,110195.42,7.18988
2025-11-01 03:51:00,110195.42,110196.73,110178.22,110178.22,3.50759
2025-11-01 03:52:00,110178.22,110178.23,110178.22,110178.23,1.55671
2025-11-01 03:53:00,110178.23,110178.23,110151.39,110151.4,4.21223
2025-11-01 03:54:00,110151.39,110151.4,110123.79,110143.21,5.25326
2025-11-01 03:55:00,110143.2,110143.21,110126.44,110126.45,2.1675
2025-11-01 03:56:00,110126.45,110149.93,110126.44,110148.28,3.11677
2025-11-01 03:57:00,110148.27,110315.54,110147.18,110275.74,33.2159
2025-11-01 03:58:00,110275.73,110275.73,110200.0,110200.0,4.97547
2025-11-01 03:59:00,110200.0,110226.38,110200.0,110226.37,3.44956
2025-11-01 04:00:00,110226.38,110257.83,110226.37,110231.51,4.10204
2025-11-01 04:01:00,110231.51,110326.29,110231.5,110300.01,10.9923
2025-11-01 04:02:00,110300.01,110346.0,110271.3,110346.0,13.04066
2025-11-01 04:03:00,110345.99,110378.0,110312.97,110365.31,16.44152
2025-11-01 04:04:00,110365.31,110371.05,110354.22,110371.04,10.55521
2025-11-01 04:05:00,110371.05,110380.4,110357.69,110380.4,7.43089
2025-11-01 04:06:00,110380.4,110499.66,110380.39,110461.76,24.49357
2025-11-01 04:07:00,110461.76,110481.54,110456.6,110481.53,7.72671
2025-11-01 04:08:00,110481.53,110564.49,110468.89,110555.03,50.80567
2025-11-01 04:09:00,110555.03,110555.03,110408.75,110408.76,14.10527
2025-11-01 04:10:00,110408.75,110408.75,110287.99,110361.48,19.79558
2025-11-01 04:11:00,110361.47,110361.48,110265.61,110278.78,6.61885
2025-11-01 04:12:00,110278.78,110320.68,110278.78,110303.26,6.82695
2025-11-01 04:13:00,110303.25,110303.26,110274.23,110274.25,2.44378
2025-11-01 04:14:00,110274.24,110274.25,110265.62,110265.62,3.32069
2025-11-01 04:15:00,110265.62,110265.63,110187.08,110187.08,13.33095
2025-11-01 04:16:00,110187.07,110187.68,110147.92,110147.92,3.02382
2025-11-01 04:17:00,110147.93,110151.14,110109.58,110119.51,10.18995
2025-11-01 04:18:00,110119.5,110149.67,110119.5,110148.01,5.86627
2025-11-01 04:19:00,110148.01,110200.0,110148.01,110168.32,9.65391
2025-11-01 04:20:00,110168.31,110226.64,110152.39,110226.64,6.97442
2025-11-01 04:21:00,110226.63,110226.64,110197.38,110197.39,3.38671
2025-11-01 04:22:00,110197.38,110201.49,110197.38,110201.48,1.98742
2025-11-01 04:23:00,110201.49,110251.48,110201.48,110251.48,10.00017
2025-11-01 04:24:00,110251.48,110270.27,110251.47,110270.25,3.13221
2025-11-01 04:25:00,110270.25,110312.0,110270.25,110312.0,8.08636
2025-11-01 04:26:00,110312.0,110355.96,110311.99,110355.95,8.66104
2025-11-01 04:27:00,110355.96,110355.96,110331.31,110331.32,4.82615
2025-11-01 04:28:00,110331.31,110331.32,110303.84,110317.42,6.0064
2025-11-01 04:29:00,110317.41,110317.42,110291.53,110291.54,4.39998
2025-11-01 04:30:00,110291.53,110307.57,110291.53,110307.57,3.44953
2025-11-01 04:31:00,110307.57,110349.88,110307.56,110349.88,5.33799
2025-11-01 04:32:00,110349.88,110349.88,110332.04,110347.84,10.69981
2025-11-01 04:33:00,110347.84,110371.9,110347.84,110371.9,5.19467
2025-11-01 04:34:00,110371.9,110371.9,110304.53,110353.14,23.0326
2025-11-01 04:35:00,110353.13,110353.13,110281.99,110299.53,13.9333
2025-11-01 04:36:00,110299.53,110320.48,110280.0,110280.0,6.90245
2025-11-01 04:37:00,110280.01,110309.36,110264.4,110287.86,6.66172
2025-11-01 04:38:00,110287.85,110287.85,110234.01,110252.3,8.92428
2025-11-01 04:39:00,110252.3,110274.22,110252.29,110274.21,4.84996
2025-11-01 04:40:00,110274.21,110274.21,110206.0,110212.84,15.87594
2025-11-01 04:41:00,110212.84,110256.19,110203.64,110256.18,3.96485
2025-11-01 04:42:00,110256.19,110272.3,110256.18,110272.3,2.42211
2025-11-01 04:43:00,110272.29,110272.3,110272.29,110272.3,0.65031
2025-11-01 04:44:00,110272.3,110298.87,110272.29,110280.65,6.40478
2025-11-01 04:45:00,110280.65,110320.0,110280.64,110305.54,3.91149
2025-11-01 04:46:00,110305.53,110305.54,110237.25,110237.25,6.35981
2025-11-01 04:47:00,110237.25,110248.28,110226.63,110226.64,2.50873
2025-11-01 04:48:00,110226.64,110249.93,110226.63,110235.29,6.83489
2025-11-01 04:49:00,110235.29,110237.27,110232.3,110237.26,2.97226
2025-11-01 04:50:00,110237.27,110237.27,110237.26,110237.27,1.58491
2025-11-01 04:51:00,110237.27,110296.13,110237.27,110296.13,4.85593
2025-11-01 04:52:00,110296.12,110322.3,110292.8,110292.8,9.16581
2025-11-01 04:53:00,110292.8,110310.37,110292.79,110301.45,3.22914
2025-11-01 04:54:00,110301.45,110321.75,110301.44,110320.74,6.9953
2025-11-01 04:55:00,110320.74,110327.32,110320.73,110327.32,2.47516
2025-11-01 04:56:00,110327.31,110339.22,110295.98,110295.98,9.83829
2025-11-01 04:57:00,110295.98,110295.98,110271.53,110271.53,2.85478
2025-11-01 04:58:00,110271.54,110283.26,110266.27,110283.26,2.81233
2025-11-01 04:59:00,110283.25,110294.27,110283.25,110291.67,3.3602
2025-11-01 05:00:00,110291.66,110328.0,110285.73,110328.0,3.22446
2025-11-01 05:01:00,110328.0,110328.0,110294.26,110294.27,2.6046
2025-11-01 05:02:00,110294.26,110294.27,110226.63,110226.64,2.79534
2025-11-01 05:03:00,110226.63,110226.64,110212.21,110212.22,2.58131
2025-11-01 05:04:00,110212.21,110212.22,110161.63,110161.64,5.49693
2025-11-01 05:05:00,110161.64,110175.96,110133.0,110150.63,7.59988
2025-11-01 05:06:00,110150.64,110168.67,110114.5,110125.9,19.36713
2025-11-01 05:07:00,110125.89,110125.9,110098.13,110098.14,2.73559
2025-11-01 05:08:00,110098.13,110098.14,110098.13,110098.13,0.42337
2025-11-01 05:09:00,110098.13,110129.94,110098.13,110129.94,3.09191
2025-11-01 05:10:00,110129.93,110129.94,110084.31,110084.32,4.84632
2025-11-01 05:11:00,110084.31,110102.22,110084.31,110102.22,1.15982
2025-11-01 05:12:00,110102.22,110102.22,110102.21,110102.22,0.3878
2025-11-01 05:13:00,110102.22,110106.62,110095.6,110095.61,4.39971
2025-11-01 05:14:00,110095.6,110100.86,110095.6,110098.66,0.83282
2025-11-01 05:15:00,110098.66,110098.66,110067.59,110067.6,1.78355
2025-11-01 05:16:00,110067.6,110067.6,110050.0,110057.21,4.21403
2025-11-01 05:17:00,110057.21,110130.6,110057.21,110103.64,5.79292
2025-11-01 05:18:00,110103.63,110159.68,110103.63,110159.67,3.2687
2025-11-01 05:19:00,110159.68,110187.42,110159.67,110167.07,6.578
2025-11-01 05:20:00,110167.06,110167.06,110160.43,110160.44,0.3022
2025-11-01 05:21:00,110160.44,110160.44,110121.95,110121.96,2.64978
2025-11-01 05:22:00,110121.96,110141.02,110121.95,110141.02,1.94097
2025-11-01 05:23:00,110141.01,110147.62,110138.37,110138.38,0.65426
2025-11-01 05:24:00,110138.37,110138.37,110066.76,110082.37,7.0902
2025-11-01 05:25:00,110082.36,110101.09,110082.36,110092.79,1.89967
2025-11-01 05:26:00,110092.78,110106.2,110092.78,110106.2,0.60372
2025-11-01 05:27:00,110106.19,110112.68,110106.19,110112.68,0.45796
2025-11-01 05:28:00,110112.68,110112.68,110108.3,110108.31,1.13348
2025-11-01 05:29:00,110108.31,110145.33,110108.31,110145.33,1.62857
2025-11-01 05:30:00,110145.33,110158.0,110142.44,110158.0,1.64787
2025-11-01 05:31:00,110158.0,110158.0,110140.79,110140.79,1.59811
2025-11-01 05:32:00,110140.8,110140.8,110120.23,110121.95,2.07564
2025-11-01 05:33:00,110121.94,110185.55,110121.94,110185.54,5.67662
2025-11-01 05:34:00,110185.54,110196.46,110185.44,110196.46,4.58297
2025-11-01 05:35:00,110196.46,110220.37,110196.45,110220.37,16.88122
2025-11-01 05:36:00,110220.36,110310.02,110220.36,110310.01,17.58765
2025-11-01 05:37:00,110310.01,110310.02,110310.01,110310.02,2.23856
2025-11-01 05:38:00,110310.01,110375.88,110293.67,110375.88,18.16464
2025-11-01 05:39:00,110375.87,110382.87,110371.83,110371.84,2.55218
2025-11-01 05:40:00,110371.84,110371.84,110333.9,110333.9,1.86569
2025-11-01 05:41:00,110333.91,110333.91,110320.0,110320.01,1.90425
2025-11-01 05:42:00,110320.0,110320.0,110290.0,110290.0,2.31206
2025-11-01 05:43:00,110290.0,110290.01,110281.22,110281.22,1.19452
2025-11-01 05:44:00,110281.22,110281.23,110281.22,110281.22,0.51152
2025-11-01 05:45:00,110281.23,110281.23,110281.22,110281.22,1.41914
2025-11-01 05:46:00,110281.22,110281.23,110260.01,110260.02,2.44947
2025-11-01 05:47:00,110260.01,110260.02,110250.0,110250.01,2.06728
2025-11-01 05:48:00,110250.0,110250.01,110232.67,110232.68,2.84064
2025-11-01 05:49:00,110232.67,110232.68,110223.3,110223.32,1.86586
2025-11-01 05:50:00,110223.31,110248.14,110223.31,110245.39,2.2
2025-11-01 05:51:00,110245.39,110245.39,110206.0,110219.75,3.26899
2025-11-01 05:52:00,110219.75,110225.43,110206.15,110206.18,3.94075
2025-11-01 05:53:00,110206.18,110206.18,110203.73,110205.38,1.03682
2025-11-01 05:54:00,110205.38,110226.64,110205.38,110220.69,5.87084
2025-11-01 05:55:00,110220.48,110220.48,110206.25,110206.26,0.79289
2025-11-01 05:56:00,110206.26,110206.26,110110.94,110110.95,15.22321
2025-11-01 05:57:00,110110.95,110110.95,110110.94,110110.95,0.87277
2025-11-01 05:58:00,110110.95,110115.27,110105.94,110115.26,1.72869
2025-11-01 05:59:00,110115.26,110142.44,110115.26,110140.79,3.55992
2025-11-01 06:00:00,110140.78,110156.74,110133.59,110149.1,2.8699
2025-11-01 06:01:00,110149.09,110149.1,110139.73,110139.74,2.06419
2025-11-01 06:02:00,110139.73,110148.59,110131.65,110131.66,1.87837
2025-11-01 06:03:00,110131.66,110155.0,110131.65,110155.0,2.4705
2025-11-01 06:04:00,110154.99,110155.0,110132.66,110137.18,12.42104
2025-11-01 06:05:00,110137.18,110137.19,110123.59,110123.59,2.08379
2025-11-01 06:06:00,110123.59,110128.41,110116.0,110116.01,2.71159
2025-11-01 06:07:00,110116.0,110116.01,110105.94,110105.94,3.95214
2025-11-01 06:08:00,110105.94,110105.95,110046.0,110046.01,11.18692
2025-11-01 06:09:00,110046.01,110046.01,110033.0,110039.68,4.76857
2025-11-01 06:10:00,110039.68,110040.15,110039.67,110040.15,3.12452
2025-11-01 06:11:00,110040.15,110077.03,110040.14,110066.54,47.43195
2025-11-01 06:12:00,110066.54,110080.0,110062.22,110066.55,5.65215
2025-11-01 06:13:00,110066.55,110076.48,110066.55,110076.48,1.73672
2025-11-01 06:14:00,110076.47,110076.48,110057.98,110057.98,2.06219
2025-11-01 06:15:00,110057.99,110060.75,110057.98,110060.75,3.0398
2025-11-01 06:16:00,110060.75,110060.75,110033.0,110033.0,4.78002
2025-11-01 06:17:00,110033.0,110033.89,110033.0,110033.89,0.43251
2025-11-01 06:18:00,110033.88,110033.89,110020.83,110020.84,12.92009
2025-11-01 06:19:00,110020.83,110043.89,110020.83,110043.89,1.15005
2025-11-01 06:20:00,110043.89,110050.0,110025.32,110025.32,4.30271
2025-11-01 06:21:00,110025.32,110036.41,110025.32,110036.41,1.85708
2025-11-01 06:22:00,110036.4,110036.42,110000.0,110000.01,6.707
2025-11-01 06:23:00,110000.0,110013.03,109997.26,110013.03,2.45311
2025-11-01 06:24:00,110013.02,110017.27,110007.16,110007.17,4.24512
2025-11-01 06:25:00,110007.17,110007.19,110007.16,110007.19,1.66922
2025-11-01 06:26:00,110007.19,110017.27,110007.18,110017.27,0.8899
2025-11-01 06:27:00,110017.26,110019.86,109997.29,109997.3,3.16507
2025-11-01 06:28:00,109997.29,110002.46,109997.29,110002.46,0.81343
2025-11-01 06:29:00,110002.45,110017.27,110002.45,110017.27,2.29946
2025-11-01 06:30:00,110017.27,110035.8,110017.27,110035.8,1.50246
2025-11-01 06:31:00,110035.79,110071.21,110035.79,110071.21,2.16606
2025-11-01 06:32:00,110071.2,110100.0,110071.2,110100.0,1.2836
2025-11-01 06:33:00,110099.99,110100.0,110099.99,110100.0,0.48717
2025-11-01 06:34:00,110100.0,110157.3,110099.99,110157.3,8.3922
2025-11-01 06:35:00,110157.3,110175.38,110139.74,110139.75,5.66191
2025-11-01 06:36:00,110139.74,110139.75,110102.74,110112.09,2.7269
2025-11-01 06:37:00,110112.09,110138.25,110112.08,110138.25,1.39243
2025-11-01 06:38:00,110138.24,110138.25,110112.0,110121.93,3.08562
2025-11-01 06:39:00,110121.93,110121.95,110121.93,110121.95,0.91386
2025-11-01 06:40:00,110121.94,110121.94,110056.53,110056.53,4.81646
2025-11-01 06:41:00,110056.54,110056.54,109987.71,109987.72,11.82425
2025-11-01 06:42:00,109987.71,109992.67,109979.83,109992.66,7.08448
2025-11-01 06:43:00,109992.67,109992.67,109951.43,109951.44,3.22639
2025-11-01 06:44:00,109951.43,109967.1,109951.43,109967.09,2.37913
2025-11-01 06:45:00,109967.1,109967.1,109960.5,109960.51,2.8901
2025-11-01 06:46:00,109960.5,109960.51,109960.5,109960.51,1.03246
2025-11-01 06:47:00,109960.51,109960.51,109933.86,109933.88,21.05904
2025-11-01 06:48:00,109933.88,109975.55,109933.87,109975.55,3.2443
2025-11-01 06:49:00,109975.54,110000.0,109975.54,109981.07,3.90728
2025-11-01 06:50:00,109981.06,109981.07,109981.06,109981.07,0.85366
2025-11-01 06:51:00,109981.07,109987.65,109964.0,109964.01,2.68088
2025-11-01 06:52:00,109964.01,109979.74,109958.61,109970.63,3.8097
2025-11-01 06:53:00,109970.62,109970.62,109966.25,109968.13,1.17973
2025-11-01 06:54:00,109968.13,109995.61,109968.12,109995.61,2.76265
2025-11-01 06:55:00,109995.6,110000.0,109995.6,110000.0,1.84628
2025-11-01 06:56:00,110000.0,110007.99,109985.31,109985.32,3.73179
2025-11-01 06:57:00,109985.32,109993.52,109985.31,109993.51,2.02158
2025-11-01 06:58:00,109993.52,110000.0,109993.5,109999.99,5.42155
2025-11-01 06:59:00,109999.99,110004.82,109999.99,110004.82,1.61327
2025-11-01 07:00:00,110004.82,110031.39,110004.8,110004.81,4.71746
2025-11-01 07:01:00,110004.81,110025.07,110004.8,110025.07,1.89195
2025-11-01 07:02:00,110025.07,110025.07,110003.78,110003.79,4.6326
2025-11-01 07:03:00,110003.79,110003.79,109992.78,109992.78,3.26805
2025-11-01 07:04:00,109992.79,110046.38,109992.78,110038.0,4.58092
2025-11-01 07:05:00,110037.99,110059.01,110033.11,110059.0,3.89803
2025-11-01 07:06:00,110059.0,110095.04,110059.0,110086.81,7.55085
2025-11-01 07:07:00,110086.8,110086.81,110080.89,110083.1,1.65109
2025-11-01 07:08:00,110083.09,110096.55,110083.09,110096.55,1.26494
2025-11-01 07:09:00,110096.55,110126.89,110096.54,110126.89,4.0042
2025-11-01 07:10:00,110126.89,110126.89,110106.56,110117.55,2.52591
2025-11-01 07:11:00,110117.54,110117.55,110117.54,110117.54,0.66166
2025-11-01 07:12:00,110117.55,110117.55,110094.14,110094.14,3.66186
2025-11-01 07:13:00,110094.14,110094.14,110059.0,110059.02,4.86296
2025-11-01 07:14:00,110059.02,110068.66,110044.08,110044.08,1.86662
2025-11-01 07:15:00,110044.08,110114.29,110044.08,110114.29,5.36539
2025-11-01 07:16:00,110114.29,110165.02,110114.29,110165.01,7.46938
2025-11-01 07:17:00,110165.02,110193.99,110165.01,110192.44,4.9454
2025-11-01 07:18:00,110192.43,110192.44,110155.02,110155.03,4.43115
2025-11-01 07:19:00,110155.02,110155.03,110106.97,110106.98,5.89159
2025-11-01 07:20:00,110106.97,110121.96,110089.16,110121.95,6.25284
2025-11-01 07:21:00,110121.96,110121.96,110108.13,110108.14,1.03865
2025-11-01 07:22:00,110108.14,110146.44,110108.13,110146.44,4.58186
2025-11-01 07:23:00,110146.43,110146.44,110146.43,110146.44,1.10445
2025-11-01 07:24:00,110146.44,110172.85,110146.43,110165.9,4.27817
2025-11-01 07:25:00,110165.89,110165.9,110130.52,110154.68,3.3963
2025-11-01 07:26:00,110154.67,110196.85,110154.67,110196.84,6.23948
2025-11-01 07:27:00,110196.85,110196.85,110167.67,110167.68,3.96705
2025-11-01 07:28:00,110167.67,110167.68,110155.2,110155.21,0.91391
2025-11-01 07:29:00,110155.21,110175.03,110155.2,110175.03,3.28055
2025-11-01 07:30:00,110175.03,110208.57,110175.03,110208.57,9.15068
2025-11-01 07:31:00,110208.57,110250.0,110208.56,110245.46,15.61735
2025-11-01 07:32:00,110245.46,110251.67,110245.45,110245.83,14.72599
2025-11-01 07:33:00,110245.82,110250.19,110216.78,110250.19,11.37029
2025-11-01 07:34:00,110250.18,110250.18,110199.3,110199.31,5.07938
2025-11-01 07:35:00,110199.3,110206.64,110199.3,110206.63,4.02351
2025-11-01 07:36:00,110206.64,110226.64,110206.63,110212.44,3.83597
2025-11-01 07:37:00,110212.43,110219.06,110205.97,110205.98,4.52731
2025-11-01 07:38:00,110205.98,110205.98,110180.8,110180.8,3.81769
2025-11-01 07:39:00,110180.81,110183.73,110180.8,110183.73,3.89394
2025-11-01 07:40:00,110183.72,110183.73,110102.78,110114.86,13.49379
2025-11-01 07:41:00,110114.86,110114.86,110103.02,110110.49,2.34285
2025-11-01 07:42:00,110110.48,110110.49,110074.01,110074.01,14.23937
2025-11-01 07:43:00,110074.02,110094.39,110074.01,110094.39,2.52431
2025-11-01 07:44:00,110094.38,110094.39,110094.38,110094.39,1.59585
2025-11-01 07:45:00,110094.38,110097.57,110094.38,110097.56,1.83125
2025-11-01 07:46:00,110097.56,110097.57,110074.01,110074.02,2.72264
2025-11-01 07:47:00,110074.02,110088.65,110074.01,110088.65,1.40302
2025-11-01 07:48:00,110088.65,110088.65,110060.09,110064.92,12.57301
2025-11-01 07:49:00,110064.92,110075.04,110026.01,110026.01,5.59304
2025-11-01 07:50:00,110026.01,110058.08,110025.99,110058.07,6.68348
2025-11-01 07:51:00,110058.07,110058.14,110058.06,110058.13,0.89108
2025-11-01 07:52:00,110058.13,110058.14,110040.21,110044.72,4.46957
2025-11-01 07:53:00,110044.72,110077.41,110044.71,110062.0,9.84438
2025-11-01 07:54:00,110062.0,110085.68,110061.99,110085.67,2.45973
2025-11-01 07:55:00,110085.68,110095.43,110085.67,110095.42,1.77141
2025-11-01 07:56:00,110095.42,110095.43,110066.4,110078.7,4.49516
2025-11-01 07:57:00,110078.69,110078.7,110066.4,110066.41,2.05433
2025-11-01 07:58:00,110066.41,110066.41,110064.0,110064.01,0.71827
2025-11-01 07:59:00,110064.01,110071.4,110064.0,110071.4,2.06695
2025-11-01 08:00:00,110071.4,110156.36,110071.4,110156.36,6.71388
2025-11-01 08:01:00,110156.36,110161.38,110141.29,110141.3,4.2999
2025-11-01 08:02:00,110141.3,110160.82,110141.29,110143.11,4.59695
2025-11-01 08:03:00,110143.12,110145.87,110143.11,110145.86,3.44092
2025-11-01 08:04:00,110145.87,110148.19,110134.33,110148.19,4.52604
2025-11-01 08:05:00,110148.19,110159.23,110148.18,110155.95,6.04168
2025-11-01 08:06:00,110155.95,110194.58,110155.95,110194.58,5.97732
2025-11-01 08:07:00,110194.57,110194.58,110116.58,110116.58,7.44496
2025-11-01 08:08:00,110116.59,110140.73,110102.0,110140.73,3.91677
2025-11-01 08:09:00,110140.72,110169.99,110140.72,110169.98,4.74548
2025-11-01 08:10:00,110169.99,110177.19,110169.98,110177.19,1.82426
2025-11-01 08:11:00,110177.19,110177.19,110162.27,110162.28,7.65877
2025-11-01 08:12:00,110162.27,110162.27,110126.56,110128.49,7.5893
2025-11-01 08:13:00,110128.49,110152.83,110128.48,110152.83,1.64183
2025-11-01 08:14:00,110152.83,110160.0,110152.82,110160.0,0.95639
2025-11-01 08:15:00,110160.0,110192.93,110159.99,110192.93,7.10274
2025-11-01 08:16:00,110192.92,110216.23,110192.92,110216.23,2.96213
2025-11-01 08:17:00,110216.23,110268.86,110216.22,110260.72,15.30039
2025-11-01 08:18:00,110260.72,110260.72,110200.49,110200.49,9.43855
2025-11-01 08:19:00,110200.49,110224.24,110189.32,110189.32,6.40117
2025-11-01 08:20:00,110189.32,110200.54,110189.32,110191.94,3.546
2025-11-01 08:21:00,110191.94,110216.62,110191.93,110216.62,13.10353
2025-11-01 08:22:00,110216.62,110216.62,110205.0,110205.01,4.53612
2025-11-01 08:23:00,110205.01,110205.01,110205.0,110205.01,5.8182
2025-11-01 08:24:00,110205.01,110205.01,110198.56,110198.57,4.18436
2025-11-01 08:25:00,110198.56,110198.57,110179.35,110179.35,7.03742
2025-11-01 08:26:00,110179.36,110187.62,110173.0,110173.01,5.27546
2025-11-01 08:27:00,110173.0,110200.0,110173.0,110200.0,5.73876
2025-11-01 08:28:00,110200.0,110200.0,110188.89,110188.89,2.07088
2025-11-01 08:29:00,110188.89,110188.9,110188.89,110188.89,2.736
2025-11-01 08:30:00,110188.9,110188.9,110185.0,110185.01,2.23988
2025-11-01 08:31:00,110185.01,110185.01,110185.0,110185.0,1.01843
2025-11-01 08:32:00,110185.0,110228.67,110185.0,110215.01,9.6346
2025-11-01 08:33:00,110215.01,110215.01,110215.0,110215.01,1.11538
2025-11-01 08:34:00,110215.01,110233.82,110207.01,110207.01,7.18472
2025-11-01 08:35:00,110207.0,110211.01,110194.0,110211.0,4.95303
2025-11-01 08:36:00,110211.01,110211.01,110190.0,110204.31,4.21488
2025-11-01 08:37:00,110204.31,110204.31,110204.3,110204.31,1.11109
2025-11-01 08:38:00,110204.3,110204.32,110190.0,110190.0,6.43537
2025-11-01 08:39:00,110190.0,110190.01,110187.96,110187.97,1.95873
2025-11-01 08:40:00,110187.97,110198.6,110185.0,110185.01,5.52517
2025-11-01 08:41:00,110185.01,110185.01,110182.8,110182.81,2.40841
2025-11-01 08:42:00,110182.8,110182.81,110182.8,110182.81,1.91696
2025-11-01 08:43:00,110182.81,110182.81,110182.8,110182.81,2.58858
2025-11-01 08:44:00,110182.8,110182.81,110180.0,110180.01,2.75298
2025-11-01 08:45:00,110180.01,110196.98,110180.0,110196.98,3.6602
2025-11-01 08:46:00,110196.97,110196.98,110180.0,110184.94,10.80633
2025-11-01 08:47:00,110184.94,110207.71,110184.93,110207.71,3.50747
2025-11-01 08:48:00,110207.7,110210.44,110207.7,110210.43,1.05249
2025-11-01 08:49:00,110210.44,110229.85,110210.43,110229.84,3.85042
2025-11-01 08:50:00,110229.85,110232.05,110204.73,110205.19,6.63123
2025-11-01 08:51:00,110205.2,110232.06,110205.19,110232.06,2.94498
2025-11-01 08:52:00,110232.06,110270.9,110232.05,110270.9,2.75259
2025-11-01 08:53:00,110270.9,110270.9,110241.12,110248.38,9.50421
2025-11-01 08:54:00,110248.38,110248.38,110230.64,110230.64,6.04796
2025-11-01 08:55:00,110230.65,110230.65,110226.0,110226.0,1.25874
2025-11-01 08:56:00,110226.01,110237.07,110226.0,110237.07,4.60653
2025-11-01 08:57:00,110237.06,110237.07,110221.0,110221.01,12.2298
2025-11-01 08:58:00,110221.01,110232.04,110221.0,110232.04,4.07023
2025-11-01 08:59:00,110232.03,110254.12,110232.03,110248.88,15.92118
2025-11-01 09:00:00,110248.88,110248.88,110218.0,110218.0,10.88372
2025-11-01 09:01:00,110218.01,110218.01,110181.17,110181.18,7.99471
2025-11-01 09:02:00,110181.17,110201.81,110175.55,110201.81,9.74973
2025-11-01 09:03:00,110201.8,110237.14,110201.8,110224.0,7.47803
2025-11-01 09:04:00,110224.0,110224.0,110223.99,110224.0,8.06775
2025-11-01 09:05:00,110223.99,110224.0,110209.32,110214.53,3.3015
2025-11-01 09:06:00,110214.53,110214.53,110194.18,110194.18,2.3848
2025-11-01 09:07:00,110194.18,110194.19,110180.45,110180.46,1.98953
2025-11-01 09:08:00,110180.45,110180.46,110180.45,110180.46,0.71561
2025-11-01 09:09:00,110180.46,110193.49,110180.46,110193.48,2.87086
2025-11-01 09:10:00,110193.48,110206.27,110192.46,110203.55,7.12057
2025-11-01 09:11:00,110203.54,110226.64,110203.54,110226.63,4.13576
2025-11-01 09:12:00,110226.64,110226.64,110217.3,110219.51,5.65644
2025-11-01 09:13:00,110219.5,110224.0,110216.76,110224.0,4.97139
2025-11-01 09:14:00,110224.0,110233.45,110223.99,110233.45,1.76401
2025-11-01 09:15:00,110233.45,110254.55,110233.44,110254.55,5.34195
2025-11-01 09:16:00,110254.55,110254.55,110254.54,110254.55,0.66119
2025-11-01 09:17:00,110254.54,110254.55,110237.41,110237.41,6.09411
2025-11-01 09:18:00,110237.41,110237.42,110225.19,110225.2,4.15293
2025-11-01 09:19:00,110225.2,110225.2,110225.19,110225.19,0.54578
2025-11-01 09:20:00,110225.2,110225.2,110225.19,110225.19,0.7364
2025-11-01 09:21:00,110225.19,110225.2,110225.19,110225.19,3.94427
2025-11-01 09:22:00,110225.19,110225.2,110225.19,110225.19,1.06419
2025-11-01 09:23:00,110225.19,110225.2,110161.56,110161.57,11.2271
2025-11-01 09:24:00,110161.57,110181.35,110161.56,110181.34,4.75755
2025-11-01 09:25:00,110181.35,110181.35,110181.33,110181.34,3.50466
2025-11-01 09:26:00,110181.34,110181.34,110155.27,110155.27,8.88382
2025-11-01 09:27:00,110155.27,110162.35,110142.85,110162.35,7.11358
2025-11-01 09:28:00,110162.35,110183.91,110162.34,110172.91,5.06945
2025-11-01 09:29:00,110172.9,110182.46,110172.9,110182.45,5.01333
2025-11-01 09:30:00,110182.46,110182.46,110154.24,110154.24,5.04563
2025-11-01 09:31:00,110154.25,110154.25,110121.96,110121.97,2.60055
2025-11-01 09:32:00,110121.97,110124.71,110110.96,110110.97,8.90732
2025-11-01 09:33:00,110110.96,110110.96,110077.04,110077.04,4.82982
2025-11-01 09:34:00,110077.05,110082.12,110077.04,110077.05,5.52469
2025-11-01 09:35:00,110077.05,110086.83,110077.05,110086.82,3.82576
2025-11-01 09:36:00,110086.82,110086.84,110086.82,110086.84,4.15498
2025-11-01 09:37:00,110086.83,110086.84,110077.0,110077.0,7.81366
2025-11-01 09:38:00,110077.0,110086.66,110068.08,110082.72,9.3108
2025-11-01 09:39:00,110082.71,110082.72,110072.22,110072.23,3.35856
2025-11-01 09:40:00,110072.23,110072.23,110056.36,110056.37,3.30343
2025-11-01 09:41:00,110056.37,110056.37,110056.36,110056.37,1.46024
2025-11-01 09:42:00,110056.36,110056.37,110000.0,110000.01,16.12032
2025-11-01 09:43:00,110000.0,110030.0,109981.19,110013.7,16.68593
2025-11-01 09:44:00,110013.71,110013.71,110005.53,110005.53,2.83282
2025-11-01 09:45:00,110005.54,110049.99,110005.53,110049.98,9.11708
2025-11-01 09:46:00,110049.99,110080.2,110049.98,110080.14,6.67749
2025-11-01 09:47:00,110080.13,110090.6,110080.13,110090.59,1.859
2025-11-01 09:48:00,110090.6,110121.95,110053.05,110054.01,33.11839
2025-11-01 09:49:00,110054.0,110069.03,110043.92,110053.8,8.14392
2025-11-01 09:50:00,110053.79,110058.97,110028.33,110028.33,7.33854
2025-11-01 09:51:00,110028.34,110037.28,110021.97,110021.98,7.89582
2025-11-01 09:52:00,110021.98,110021.98,109996.77,109996.77,8.91912
2025-11-01 09:53:00,109996.77,109996.78,109970.18,109979.43,6.37431
2025-11-01 09:54:00,109979.43,110002.87,109970.6,109970.61,8.42741
2025-11-01 09:55:00,109970.61,109970.61,109970.6,109970.61,0.6393
2025-11-01 09:56:00,109970.6,109990.94,109970.6,109990.94,4.07988
2025-11-01 09:57:00,109990.93,109990.94,109990.93,109990.94,1.59347
2025-11-01 09:58:00,109990.93,109991.29,109990.93,109991.28,2.17374
2025-11-01 09:59:00,109991.28,109991.29,109991.28,109991.29,1.66281
2025-11-01 10:00:00,109991.29,110035.99,109991.28,110035.99,4.24435
2025-11-01 10:01:00,110035.98,110035.99,110035.98,110035.99,5.57742
2025-11-01 10:02:00,110035.98,110085.04,110035.98,110085.03,5.59072
2025-11-01 10:03:00,110085.04,110099.98,110085.03,110094.45,3.94616
2025-11-01 10:04:00,110094.45,110094.45,110076.38,110076.38,15.18893
2025-11-01 10:05:00,110076.38,110076.39,110015.31,110015.32,5.47216
2025-11-01 10:06:00,110015.31,110015.32,110005.18,110005.18,3.6086
2025-11-01 10:07:00,110005.19,110005.19,109988.09,109988.1,5.64194
2025-11-01 10:08:00,109988.09,109988.1,109970.57,109970.57,4.66007
2025-11-01 10:09:00,109970.57,109972.39,109970.57,109972.39,1.15027
2025-11-01 10:10:00,109972.38,109972.39,109950.1,109950.55,3.80354
2025-11-01 10:11:00,109950.55,109950.55,109882.0,109882.01,18.20412
2025-11-01 10:12:00,109882.01,109882.01,109854.72,109867.01,15.54862
2025-11-01 10:13:00,109867.01,109882.03,109867.0,109882.03,3.71024
2025-11-01 10:14:00,109882.03,109894.0,109882.02,109893.99,1.35959
2025-11-01 10:15:00,109894.0,109923.55,109893.99,109912.58,6.63313
2025-11-01 10:16:00,109912.58,109912.59,109912.58,109912.58,1.09931
2025-11-01 10:17:00,109912.58,109932.58,109912.57,109932.58,4.22909
2025-11-01 10:18:00,109932.58,109939.33,109928.93,109928.94,5.74795
2025-11-01 10:19:00,109928.94,109954.02,109928.93,109954.02,9.11555
2025-11-01 10:20:00,109954.02,109974.0,109954.01,109974.0,3.05074
2025-11-01 10:21:00,109974.0,109974.0,109973.99,109974.0,2.21485
2025-11-01 10:22:00,109973.99,109974.0,109973.99,109973.99,0.47478
2025-11-01 10:23:00,109973.99,109974.0,109973.99,109974.0,0.66976
2025-11-01 10:24:00,109973.99,109974.0,109973.99,109974.0,0.55846
2025-11-01 10:25:00,109973.99,109974.0,109973.99,109974.0,6.36879
2025-11-01 10:26:00,109974.0,109974.0,109973.99,109974.0,1.00102
2025-11-01 10:27:00,109974.0,109974.0,109973.99,109974.0,0.36899
2025-11-01 10:28:00,109973.99,110017.27,109973.99,110017.26,11.07969
2025-11-01 10:29:00,110017.27,110017.27,110007.91,110007.92,3.78644
2025-11-01 10:30:00,110007.91,110007.92,110007.91,110007.92,3.2566
2025-11-01 10:31:00,110007.92,110007.92,110006.07,110006.08,12.94926
2025-11-01 10:32:00,110006.07,110020.2,110006.07,110020.19,6.92238
2025-11-01 10:33:00,110020.19,110050.0,110020.19,110040.25,7.85951
2025-11-01 10:34:00,110040.24,110040.25,110040.24,110040.25,2.28145
2025-11-01 10:35:00,110040.25,110040.25,110040.24,110040.25,1.01119
2025-11-01 10:36:00,110040.24,110040.25,109992.55,109992.55,5.96461
2025-11-01 10:37:00,109992.54,109992.54,109976.82,109986.89,4.89186
2025-11-01 10:38:00,109986.88,109986.89,109986.88,109986.88,1.0036
2025-11-01 10:39:00,109986.88,110005.21,109986.88,110005.21,3.24255
2025-11-01 10:40:00,110005.21,110031.76,110005.2,110031.76,3.20571
2025-11-01 10:41:00,110031.75,110031.76,110031.75,110031.75,0.7216
2025-11-01 10:42:00,110031.75,110031.76,110031.75,110031.75,1.19589
2025-11-01 10:43:00,110031.76,110080.0,110031.75,110080.0,8.64609
2025-11-01 10:44:00,110079.99,110080.0,110079.99,110080.0,0.80821
2025-11-01 10:45:00,110079.99,110091.06,110079.99,110091.06,5.85722
2025-11-01 10:46:00,110091.05,110095.06,110091.05,110095.06,1.45705
2025-11-01 10:47:00,110095.06,110096.7,110095.05,110096.7,1.74207
2025-11-01 10:48:00,110096.69,110096.7,110096.69,110096.7,0.76921
2025-11-01 10:49:00,110096.7,110110.0,110070.26,110110.0,12.07744
2025-11-01 10:50:00,110109.99,110110.0,110083.85,110083.86,2.97182
2025-11-01 10:51:00,110083.86,110103.14,110083.85,110103.13,2.68405
2025-11-01 10:52:00,110103.14,110169.23,110103.13,110169.23,10.1817
2025-11-01 10:53:00,110169.23,110169.23,110142.81,110142.82,4.51222
2025-11-01 10:54:00,110142.81,110142.82,110121.95,110121.96,0.65391
2025-11-01 10:55:00,110121.95,110121.96,110121.95,110121.96,1.64589
2025-11-01 10:56:00,110121.96,110121.96,110121.95,110121.95,1.98314
2025-11-01 10:57:00,110121.95,110131.32,110121.95,110129.59,3.06508
2025-11-01 10:58:00,110129.59,110129.59,110129.58,110129.59,2.4812
2025-11-01 10:59:00,110129.58,110147.83,110129.58,110147.83,2.8867
2025-11-01 11:00:00,110147.83,110176.22,110147.83,110176.22,3.56926
2025-11-01 11:01:00,110176.22,110200.0,110176.21,110200.0,5.09559
2025-11-01 11:02:00,110200.0,110200.0,110199.99,110199.99,1.61571
2025-11-01 11:03:00,110199.99,110200.0,110171.49,110171.49,6.45186
2025-11-01 11:04:00,110171.49,110171.5,110171.49,110171.5,2.17571
2025-11-01 11:05:00,110171.49,110183.33,110171.49,110183.32,2.08198
2025-11-01 11:06:00,110183.33,110233.79,110183.32,110233.79,5.63651
2025-11-01 11:07:00,110233.79,110233.79,110217.98,110217.99,4.29614
2025-11-01 11:08:00,110217.99,110238.78,110215.55,110215.56,9.78133
2025-11-01 11:09:00,110215.55,110215.56,110215.55,110215.56,0.69177
2025-11-01 11:10:00,110215.56,110218.31,110215.55,110218.31,0.75108
2025-11-01 11:11:00,110218.3,110226.47,110218.3,110226.47,1.61076
2025-11-01 11:12:00,110226.46,110226.47,110219.14,110219.15,2.49387
2025-11-01 11:13:00,110219.14,110219.15,110219.14,110219.15,1.62584
2025-11-01 11:14:00,110219.15,110219.15,110193.6,110193.61,2.24559
2025-11-01 11:15:00,110193.6,110193.61,110193.6,110193.6,1.01431
2025-11-01 11:16:00,110193.6,110193.61,110182.0,110182.01,3.27009
2025-11-01 11:17:00,110182.01,110191.44,110182.0,110191.44,2.53996
2025-11-01 11:18:00,110191.43,110191.44,110191.43,110191.44,0.81448
2025-11-01 11:19:00,110191.44,110197.5,110191.43,110197.5,1.13636
2025-11-01 11:20:00,110197.5,110197.5,110177.07,110177.08,2.95749
2025-11-01 11:21:00,110177.08,110177.08,110146.92,110146.93,1.9815
2025-11-01 11:22:00,110146.93,110146.93,110136.0,110136.0,1.94476
2025-11-01 11:23:00,110136.01,110136.01,110126.19,110128.96,2.14133
2025-11-01 11:24:00,110128.96,110128.96,110108.0,110108.0,2.53516
2025-11-01 11:25:00,110108.0,110108.01,110108.0,110108.01,1.37452
2025-11-01 11:26:00,110108.0,110108.01,110084.39,110084.39,1.74983
2025-11-01 11:27:00,110084.39,110084.4,110084.39,110084.4,3.2238
2025-11-01 11:28:00,110084.4,110084.4,110059.23,110060.5,3.83766
2025-11-01 11:29:00,110060.51,110060.51,110052.23,110052.24,1.87208
2025-11-01 11:30:00,110052.24,110052.24,110042.06,110042.07,4.35602
2025-11-01 11:31:00,110042.07,110042.07,110000.01,110014.71,7.95216
2025-11-01 11:32:00,110014.72,110052.06,110014.71,110020.99,5.34606
2025-11-01 11:33:00,110020.99,110021.0,110020.99,110021.0,0.62759
2025-11-01 11:34:00,110021.0,110033.03,110020.99,110033.03,1.11912
2025-11-01 11:35:00,110033.02,110033.03,110033.02,110033.03,1.0607
2025-11-01 11:36:00,110033.02,110033.03,110033.02,110033.03,1.75437
2025-11-01 11:37:00,110033.02,110033.03,110024.19,110024.2,5.18679
2025-11-01 11:38:00,110024.2,110024.2,110014.71,110014.71,3.37241
2025-11-01 11:39:00,110014.72,110037.22,110014.71,110037.21,2.51573
2025-11-01 11:40:00,110037.22,110058.0,110037.21,110057.99,2.10026
2025-11-01 11:41:00,110057.99,110079.22,110057.99,110079.22,2.95549
2025-11-01 11:42:00,110079.22,110093.18,110079.21,110093.18,3.34412
2025-11-01 11:43:00,110093.18,110093.18,110093.17,110093.18,0.58139
2025-11-01 11:44:00,110093.18,110093.18,110093.17,110093.18,1.39945
2025-11-01 11:45:00,110093.18,110093.18,110093.17,110093.17,0.92388
2025-11-01 11:46:00,110093.18,110093.19,110093.17,110093.18,6.55752
2025-11-01 11:47:00,110093.18,110093.18,110086.68,110086.69,3.8419
2025-11-01 11:48:00,110086.68,110097.71,110086.68,110097.71,2.97053
2025-11-01 11:49:00,110097.71,110108.45,110097.7,110108.45,3.75797
2025-11-01 11:50:00,110108.45,110121.95,110108.45,110121.95,1.59223
2025-11-01 11:51:00,110121.94,110187.03,110121.94,110187.03,9.46264
2025-11-01 11:52:00,110187.02,110187.03,110175.53,110184.38,5.06225
2025-11-01 11:53:00,110184.37,110184.38,110184.37,110184.38,0.61361
2025-11-01 11:54:00,110184.37,110184.38,110122.0,110122.01,9.76719
2025-11-01 11:55:00,110122.0,110138.74,110122.0,110138.74,3.34885
2025-11-01 11:56:00,110138.74,110148.35,110119.24,110119.25,8.29808
2025-11-01 11:57:00,110119.25,110126.52,110109.1,110117.61,6.43873
2025-11-01 11:58:00,110117.61,110117.61,110117.6,110117.61,1.06042
2025-11-01 11:59:00,110117.6,110137.59,110117.6,110137.59,3.55094
2025-11-01 12:00:00,110137.59,110145.62,110133.69,110133.7,4.1348
2025-11-01 12:01:00,110133.7,110153.78,110133.69,110141.95,5.48153
2025-11-01 12:02:00,110141.95,110141.97,110141.94,110141.97,2.45735
2025-11-01 12:03:00,110141.96,110141.97,110136.04,110136.05,6.79225
2025-11-01 12:04:00,110136.04,110151.96,110136.04,110142.6,6.51109
2025-11-01 12:05:00,110142.6,110155.1,110142.59,110155.1,1.70655
2025-11-01 12:06:00,110155.1,110179.44,110155.09,110179.44,1.83052
2025-11-01 12:07:00,110179.44,110179.44,110179.43,110179.44,0.70591
2025-11-01 12:08:00,110179.44,110179.44,110179.43,110179.44,3.0118
2025-11-01 12:09:00,110179.43,110179.44,110179.43,110179.43,0.88743
2025-11-01 12:10:00,110179.43,110200.0,110162.52,110162.52,20.04824
2025-11-01 12:11:00,110162.52,110162.53,110151.11,110157.71,11.50181
2025-11-01 12:12:00,110157.71,110157.71,110157.7,110157.7,1.91436
2025-11-01 12:13:00,110157.71,110157.71,110119.78,110119.79,9.91908
2025-11-01 12:14:00,110119.78,110119.79,110097.71,110097.72,3.49997
2025-11-01 12:15:00,110097.72,110097.72,110066.03,110067.69,7.23325
2025-11-01 12:16:00,110067.69,110110.72,110067.68,110109.4,2.84065
2025-11-01 12:17:00,110109.4,110109.41,110099.85,110099.86,3.87308
2025-11-01 12:18:00,110099.85,110107.08,110099.85,110107.08,0.8483
2025-11-01 12:19:00,110107.08,110120.01,110078.88,110078.89,18.56551
2025-11-01 12:20:00,110078.89,110078.89,110052.82,110052.83,11.70807
2025-11-01 12:21:00,110052.83,110052.83,110000.01,110023.98,12.36954
2025-11-01 12:22:00,110023.98,110040.0,110023.97,110040.0,1.48233
2025-11-01 12:23:00,110040.0,110040.0,110039.99,110040.0,6.0066
2025-11-01 12:24:00,110040.0,110040.0,110039.99,110039.99,5.72102
2025-11-01 12:25:00,110040.0,110040.04,110039.99,110040.04,6.75892
2025-11-01 12:26:00,110040.03,110063.71,110040.03,110063.71,1.3921
2025-11-01 12:27:00,110063.71,110079.08,110063.7,110079.08,2.6801
2025-11-01 12:28:00,110079.07,110079.08,110078.89,110078.9,5.62411
2025-11-01 12:29:00,110078.9,110078.9,110078.89,110078.89,0.91706
2025-11-01 12:30:00,110078.89,110094.66,110078.89,110094.66,1.64466
2025-11-01 12:31:00,110094.66,110094.66,110094.65,110094.66,0.61291
2025-11-01 12:32:00,110094.66,110116.61,110094.65,110116.61,2.59006
2025-11-01 12:33:00,110116.61,110139.81,110116.6,110139.81,5.20312
2025-11-01 12:34:00,110139.8,110156.11,110130.55,110130.56,4.50494
2025-11-01 12:35:00,110130.55,110130.56,110130.55,110130.56,7.19261
2025-11-01 12:36:00,110130.55,110130.56,110101.37,110101.38,6.40069
2025-11-01 12:37:00,110101.37,110120.58,110101.37,110120.58,2.65991
2025-11-01 12:38:00,110120.58,110120.58,110113.97,110113.98,3.43605
2025-11-01 12:39:00,110113.98,110140.55,110113.97,110140.54,3.5357
2025-11-01 12:40:00,110140.54,110152.54,110140.54,110152.54,1.74746
2025-11-01 12:41:00,110152.54,110152.54,110152.53,110152.54,2.01719
2025-11-01 12:42:00,110152.53,110152.54,110152.53,110152.54,0.34721
2025-11-01 12:43:00,110152.53,110152.54,110152.53,110152.54,1.91494
2025-11-01 12:44:00,110152.54,110152.54,110152.53,110152.53,0.66846
2025-11-01 12:45:00,110152.53,110152.54,110100.0,110100.01,6.22568
2025-11-01 12:46:00,110100.01,110100.01,110034.04,110064.88,11.1669
2025-11-01 12:47:00,110064.88,110064.88,110037.35,110037.36,3.90591
2025-11-01 12:48:00,110037.36,110053.55,110037.35,110037.36,5.23482
2025-11-01 12:49:00,110037.35,110052.97,110037.35,110052.96,1.96399
2025-11-01 12:50:00,110052.97,110052.97,110028.0,110028.0,4.09188
2025-11-01 12:51:00,110028.01,110052.97,110028.0,110052.97,3.0159
2025-11-01 12:52:00,110052.96,110053.0,110052.96,110053.0,1.54464
2025-11-01 12:53:00,110053.0,110053.0,110035.5,110035.51,4.59514
2025-11-01 12:54:00,110035.5,110043.55,110035.5,110043.55,2.80952
2025-11-01 12:55:00,110043.55,110057.27,110043.54,110051.59,9.42157
2025-11-01 12:56:00,110051.59,110051.59,110040.19,110040.2,4.85352
2025-11-01 12:57:00,110040.2,110047.2,110040.2,110047.2,1.34118
2025-11-01 12:58:00,110047.19,110047.2,110029.78,110029.79,12.52065
2025-11-01 12:59:00,110029.78,110029.79,110017.26,110017.27,4.35452
2025-11-01 13:00:00,110017.26,110020.27,110017.26,110020.27,4.27739
2025-11-01 13:01:00,110020.27,110020.27,110002.0,110002.0,4.7732
2025-11-01 13:02:00,110002.0,110002.01,109956.1,109956.14,11.46533
2025-11-01 13:03:00,109956.14,109997.86,109956.13,109997.86,3.90916
2025-11-01 13:04:00,109997.85,110029.83,109977.39,109981.53,7.42192
2025-11-01 13:05:00,109981.52,109981.53,109961.21,109961.22,2.47231
2025-11-01 13:06:00,109961.22,109961.22,109961.21,109961.22,0.56918
2025-11-01 13:07:00,109961.21,109961.22,109961.21,109961.21,1.18718
2025-11-01 13:08:00,109961.22,109961.22,109961.21,109961.22,0.44618
2025-11-01 13:09:00,109961.21,109961.22,109961.21,109961.22,0.54263
2025-11-01 13:10:00,109961.22,109961.22,109961.21,109961.22,0.76334
2025-11-01 13:11:00,109961.21,109961.22,109961.21,109961.22,0.647
2025-11-01 13:12:00,109961.22,109961.22,109961.21,109961.21,1.10336
2025-11-01 13:13:00,109961.22,109961.22,109961.21,109961.22,1.00469
2025-11-01 13:14:00,109961.22,109961.22,109961.21,109961.22,1.01386
2025-11-01 13:15:00,109961.22,109981.53,109961.21,109968.47,2.36017
2025-11-01 13:16:00,109968.46,109973.55,109968.46,109970.83,4.72036
2025-11-01 13:17:00,109970.83,109970.83,109970.82,109970.82,0.60208
2025-11-01 13:18:00,109970.83,109991.5,109970.82,109970.82,7.01147
2025-11-01 13:19:00,109970.82,110000.0,109970.82,110000.0,2.22121
2025-11-01 13:20:00,109999.99,110000.0,109984.47,109984.48,4.57402
2025-11-01 13:21:00,109984.47,109998.54,109984.46,109998.54,2.41199
2025-11-01 13:22:00,109998.54,110015.79,109998.53,109998.54,4.71761
2025-11-01 13:23:00,109998.53,110017.25,109998.53,110017.25,2.1058
2025-11-01 13:24:00,110017.25,110017.25,110017.24,110017.25,2.32316
2025-11-01 13:25:00,110017.25,110017.25,109995.73,109995.74,3.51969
2025-11-01 13:26:00,109995.74,109995.74,109995.73,109995.74,1.75938
2025-11-01 13:27:00,109995.73,109995.74,109995.73,109995.74,0.55178
2025-11-01 13:28:00,109995.74,109995.74,109995.73,109995.74,1.54396
2025-11-01 13:29:00,109995.73,110008.15,109995.73,110008.01,1.77174
2025-11-01 13:30:00,110008.0,110037.92,110008.0,110027.99,5.38278
2025-11-01 13:31:00,110027.99,110027.99,110006.08,110006.09,3.4758
2025-11-01 13:32:00,110006.09,110054.96,110006.08,110054.96,3.30993
2025-11-01 13:33:00,110054.96,110054.96,110037.93,110037.94,4.44955
2025-11-01 13:34:00,110037.94,110037.94,110016.01,110016.02,2.10265
2025-11-01 13:35:00,110016.01,110016.02,109995.71,109995.72,1.96792
2025-11-01 13:36:00,109995.71,109998.0,109995.71,109997.99,2.33754
2025-11-01 13:37:00,109997.99,109998.0,109997.99,109998.0,2.07551
2025-11-01 13:38:00,109998.0,109998.0,109950.0,109950.0,8.67036
2025-11-01 13:39:00,109950.01,109950.01,109921.99,109927.78,4.63665
2025-11-01 13:40:00,109927.78,109927.78,109927.77,109927.78,3.00598
2025-11-01 13:41:00,109927.78,109927.78,109868.62,109877.44,9.69823
2025-11-01 13:42:00,109877.44,109877.44,109704.0,109764.13,47.79608
2025-11-01 13:43:00,109764.12,109797.31,109702.66,109797.31,11.96784
2025-11-01 13:44:00,109797.31,109819.73,109777.59,109777.61,9.96788
2025-11-01 13:45:00,109777.61,109861.47,109777.61,109861.46,10.07831
2025-11-01 13:46:00,109861.47,109876.0,109816.07,109816.08,6.27654
2025-11-01 13:47:00,109816.08,109859.32,109816.07,109858.95,5.55464
2025-11-01 13:48:00,109858.94,109899.83,109858.94,109899.83,6.77758
2025-11-01 13:49:00,109899.83,109899.83,109899.82,109899.83,1.46237
2025-11-01 13:50:00,109899.83,109950.84,109899.82,109933.9,9.03912
2025-11-01 13:51:00,109933.89,109937.67,109916.36,109937.67,4.31367
2025-11-01 13:52:00,109937.66,109969.53,109937.66,109969.53,3.60555
2025-11-01 13:53:00,109969.53,109978.0,109969.52,109978.0,3.03401
2025-11-01 13:54:00,109977.99,109992.14,109974.84,109974.85,4.62266
2025-11-01 13:55:00,109974.84,109974.85,109963.92,109963.93,2.96253
2025-11-01 13:56:00,109963.93,109963.93,109946.24,109946.25,1.85981
2025-11-01 13:57:00,109946.24,109946.25,109946.24,109946.25,0.76435
2025-11-01 13:58:00,109946.25,109970.48,109946.24,109946.27,6.4288
2025-11-01 13:59:00,109946.27,109946.27,109946.26,109946.27,2.38889
2025-11-01 14:00:00,109946.26,109993.98,109932.85,109992.34,4.83525
2025-11-01 14:01:00,109992.34,109992.34,109961.6,109966.64,3.54807
2025-11-01 14:02:00,109966.64,109966.66,109959.03,109959.03,4.24551
2025-11-01 14:03:00,109959.03,109959.04,109959.03,109959.04,0.78622
2025-11-01 14:04:00,109959.04,109981.62,109959.03,109966.71,6.28421
2025-11-01 14:05:00,109966.7,109980.0,109966.7,109980.0,1.63524
2025-11-01 14:06:00,109980.0,109980.0,109955.0,109969.11,5.95389
2025-11-01 14:07:00,109969.12,109969.12,109955.31,109955.32,2.33651
2025-11-01 14:08:00,109955.32,109955.32,109932.85,109932.86,4.5702
2025-11-01 14:09:00,109932.85,109932.86,109850.0,109850.01,11.7921
2025-11-01 14:10:00,109850.0,109865.18,109816.0,109816.01,16.16955
2025-11-01 14:11:00,109816.01,109820.6,109812.18,109812.19,3.30665
2025-11-01 14:12:00,109812.19,109829.38,109777.34,109777.35,11.38393
2025-11-01 14:13:00,109777.34,109777.35,109736.47,109747.29,9.49619
2025-11-01 14:14:00,109747.29,109774.16,109736.47,109747.81,9.09076
2025-11-01 14:15:00,109747.81,109759.89,109728.94,109759.89,25.64815
2025-11-01 14:16:00,109759.89,109759.89,109742.11,109752.59,5.33386
2025-11-01 14:17:00,109752.59,109846.1,109748.25,109839.48,19.93469
2025-11-01 14:18:00,109839.48,109854.19,109832.88,109832.89,5.59434
2025-11-01 14:19:00,109832.88,109864.2,109832.88,109857.99,4.52094
2025-11-01 14:20:00,109857.99,109864.63,109845.63,109845.64,4.80572
2025-11-01 14:21:00,109845.64,109845.64,109828.76,109845.01,15.07947
2025-11-01 14:22:00,109845.0,109855.86,109820.0,109855.86,37.162
2025-11-01 14:23:00,109855.85,109890.0,109855.85,109870.75,7.73033
2025-11-01 14:24:00,109870.75,109880.75,109863.37,109865.81,6.59093
2025-11-01 14:25:00,109865.81,109865.81,109865.8,109865.81,1.53541
2025-11-01 14:26:00,109865.8,109865.81,109845.03,109845.04,5.14662
2025-11-01 14:27:00,109845.04,109862.01,109845.03,109862.01,3.19886
2025-11-01 14:28:00,109862.01,109875.8,109845.0,109875.8,13.75989
2025-11-01 14:29:00,109875.79,109888.83,109875.79,109888.83,2.40016
2025-11-01 14:30:00,109888.83,109895.03,109874.89,109874.9,5.54273
2025-11-01 14:31:00,109874.89,109876.57,109874.89,109876.56,1.62569
2025-11-01 14:32:00,109876.56,109887.56,109876.56,109887.56,0.52689
2025-11-01 14:33:00,109887.56,109887.56,109887.55,109887.56,1.82691
2025-11-01 14:34:00,109887.55,109901.02,109887.55,109900.86,3.3937
2025-11-01 14:35:00,109900.86,109900.86,109882.37,109885.99,11.28271
2025-11-01 14:36:00,109886.0,109886.0,109885.99,109886.0,0.57899
2025-11-01 14:37:00,109886.0,109888.74,109885.99,109888.73,0.81724
2025-11-01 14:38:00,109888.74,109896.77,109888.73,109896.77,2.1379
2025-11-01 14:39:00,109896.76,109896.77,109896.76,109896.77,0.83102
2025-11-01 14:40:00,109896.77,109896.77,109896.75,109896.76,3.46684
2025-11-01 14:41:00,109896.75,109896.76,109881.99,109882.0,4.98588
2025-11-01 14:42:00,109882.0,109900.0,109881.99,109900.0,4.32058
2025-11-01 14:43:00,109899.99,109960.0,109899.99,109960.0,4.99417
2025-11-01 14:44:00,109959.99,109960.0,109938.54,109938.55,3.84755
2025-11-01 14:45:00,109938.55,109938.55,109914.77,109914.78,2.19283
2025-11-01 14:46:00,109914.78,109936.42,109914.77,109936.42,2.13287
2025-11-01 14:47:00,109936.41,109936.42,109927.06,109927.07,2.63985
2025-11-01 14:48:00,109927.07,109929.7,109910.27,109910.28,1.29328
2025-11-01 14:49:00,109910.28,109926.47,109910.27,109926.46,3.10992
2025-11-01 14:50:00,109926.47,109926.47,109900.07,109900.07,5.94584
2025-11-01 14:51:00,109900.08,109900.09,109900.07,109900.09,1.98492
2025-11-01 14:52:00,109900.08,109911.08,109900.08,109911.08,0.976
2025-11-01 14:53:00,109911.08,109911.08,109908.88,109908.89,5.87585
2025-11-01 14:54:00,109908.88,109908.89,109908.88,109908.89,1.42573
2025-11-01 14:55:00,109908.88,109908.89,109908.88,109908.89,1.47
2025-11-01 14:56:00,109908.89,109921.7,109908.88,109921.69,5.76117
2025-11-01 14:57:00,109921.7,109921.7,109921.69,109921.7,0.59192
2025-11-01 14:58:00,109921.7,109921.7,109921.69,109921.7,0.32963
2025-11-01 14:59:00,109921.7,109933.86,109921.69,109933.85,3.90585
2025-11-01 15:00:00,109933.86,109933.86,109926.89,109928.53,7.95572
2025-11-01 15:01:00,109928.53,109965.99,109910.22,109916.82,20.24319
2025-11-01 15:02:00,109916.81,109916.82,109916.81,109916.81,5.13952
2025-11-01 15:03:00,109916.82,109916.82,109916.81,109916.82,0.69884
2025-11-01 15:04:00,109916.82,109972.98,109916.81,109972.97,4.02979
2025-11-01 15:05:00,109972.98,110146.72,109972.97,110146.71,20.80635
2025-11-01 15:06:00,110146.71,110146.72,110107.2,110107.2,5.47081
2025-11-01 15:07:00,110107.21,110200.0,110107.2,110200.0,13.29389
2025-11-01 15:08:00,110200.0,110331.32,110199.99,110331.32,48.31442
2025-11-01 15:09:00,110331.31,110348.0,110266.75,110339.0,38.70747
2025-11-01 15:10:00,110339.0,110339.0,110248.1,110286.94,12.48038
2025-11-01 15:11:00,110286.94,110286.94,110214.78,110214.78,8.42203
2025-11-01 15:12:00,110214.78,110224.15,110203.86,110203.87,9.80518
2025-11-01 15:13:00,110203.86,110203.87,110200.0,110200.01,19.82902
2025-11-01 15:14:00,110200.01,110200.01,110200.0,110200.01,4.72908
2025-11-01 15:15:00,110200.0,110250.49,110200.0,110250.0,10.25126
2025-11-01 15:16:00,110250.0,110259.98,110249.99,110259.98,2.05634
2025-11-01 15:17:00,110259.98,110259.98,110212.0,110212.0,7.41959
2025-11-01 15:18:00,110212.01,110212.01,110200.0,110200.01,20.78975
2025-11-01 15:19:00,110200.0,110200.01,110166.13,110166.14,4.25308
2025-11-01 15:20:00,110166.13,110184.03,110145.91,110145.91,12.19435
2025-11-01 15:21:00,110145.92,110145.92,110131.61,110131.62,4.3832
2025-11-01 15:22:00,110131.61,110131.62,110103.57,110110.08,8.56625
2025-11-01 15:23:00,110110.07,110110.08,110103.42,110103.43,7.65392
2025-11-01 15:24:00,110103.42,110103.43,110009.16,110009.17,59.83358
2025-11-01 15:25:00,110009.17,110059.47,110009.17,110055.06,8.89903
2025-11-01 15:26:00,110055.06,110077.4,110055.06,110074.29,3.65166
2025-11-01 15:27:00,110074.29,110074.29,109989.11,110017.26,25.9448
2025-11-01 15:28:00,110017.26,110017.26,110012.08,110017.25,4.49063
2025-11-01 15:29:00,110017.25,110060.0,110017.24,110060.0,4.77879
2025-11-01 15:30:00,110059.99,110131.61,110059.99,110131.61,5.98213
2025-11-01 15:31:00,110131.6,110152.42,110131.6,110152.42,4.70585
2025-11-01 15:32:00,110152.41,110152.42,110148.45,110148.46,5.01659
2025-11-01 15:33:00,110148.45,110148.45,110128.5,110142.25,6.80556
2025-11-01 15:34:00,110142.25,110142.26,110082.24,110100.94,12.26918
2025-11-01 15:35:00,110100.94,110121.95,110100.93,110111.06,5.58764
2025-11-01 15:36:00,110111.07,110111.07,110022.21,110022.22,4.98929
2025-11-01 15:37:00,110022.21,110053.5,110022.21,110053.5,3.08274
2025-11-01 15:38:00,110053.5,110060.32,110044.84,110044.85,10.19942
2025-11-01 15:39:00,110044.84,110044.85,110041.16,110041.17,0.62458
2025-11-01 15:40:00,110041.16,110041.17,110017.27,110025.32,5.27904
2025-11-01 15:41:00,110025.31,110048.94,110025.31,110048.94,2.31821
2025-11-01 15:42:00,110048.94,110071.8,110048.93,110071.8,4.98782
2025-11-01 15:43:00,110071.79,110088.72,110071.79,110088.72,1.28783
2025-11-01 15:44:00,110088.72,110088.72,110076.82,110076.83,5.81568
2025-11-01 15:45:00,110076.83,110084.27,110071.04,110078.38,4.59348
2025-11-01 15:46:00,110078.37,110078.38,110067.4,110067.41,1.87336
2025-11-01 15:47:00,110067.41,110067.41,110067.4,110067.41,0.62402
2025-11-01 15:48:00,110067.41,110137.62,110067.4,110137.62,4.85016
2025-11-01 15:49:00,110137.62,110154.45,110130.93,110130.94,8.19589
2025-11-01 15:50:00,110130.93,110130.94,110106.7,110106.71,6.42528
2025-11-01 15:51:00,110106.71,110121.95,110106.7,110121.95,2.58999
2025-11-01 15:52:00,110121.95,110130.93,110121.94,110130.93,0.86444
2025-11-01 15:53:00,110130.93,110137.53,110130.92,110137.53,1.67049
2025-11-01 15:54:00,110137.53,110154.45,110137.53,110154.44,5.02051
2025-11-01 15:55:00,110154.44,110154.45,110139.08,110154.44,10.79227
2025-11-01 15:56:00,110154.43,110154.44,110154.43,110154.44,3.38006
2025-11-01 15:57:00,110154.44,110197.26,110154.44,110169.57,6.67824
2025-11-01 15:58:00,110169.57,110200.01,110169.56,110200.01,6.35603
2025-11-01 15:59:00,110200.01,110310.68,110200.0,110310.65,71.60754
